{
    "space_thickness": 5.908537973404415,
    "core_thickness": 7.089071748883585,
    "reflector_thickness": 1,
    "HE_thickness": 10,
    "gap_thickness": 1.2790918966776654,
    "radiationCase_thickness": 1.462070254002978,
    "core_enrichment": 0.9130423864574438,
    "radiationCase_enrichment": 0.006407502010386765,
    "core_mass": 12,
    "radiationCase_mass": 141.83,
    "core_activity_185.7keV": 500988989,
    "detected_core_emission_185.7keV": 33566.262263,
    "background_activity_185.7keV": 62890254,
    "detected_background_emission_185.7keV": 14400736.141428,
    "detected_total_emission_185.7keV": 14434302.403691,
    "core_activity_1001.0keV": 109270,
    "detected_core_emission_1001.0keV": 743.1433716648525,
    "background_activity_1001.0keV": 22333556,
    "detected_background_emission_1001.0keV": 7908535.51516,
    "detected_total_emission_1001.0keV": 7909278.66043,
    "nr_in_batch": 1,
    "core_activity_1001keV": 109269.72087411447,
    "detectedRadCase_core_emission_1001.0keV": 809.9071711189364,
    "detectedHE_core_emission_1001.0keV": 1058.495786107547,
    "detectedReflector_core_emission_1001.0keV": 4169.6232788353345,
    "detectedCore_core_emission_1001.0keV": 4897.46888957781
}