{
    "Ac-227": 4036.8670789238818,
    "At-218": 2.3819673810802826e-06,
    "At-219": 0.00334250691697587,
    "Bi-210": 0.0016356088185171603,
    "Bi-211": 3993.903979980384,
    "Bi-214": 0.011909487484677093,
    "Bi-215": 0.0032422255940230903,
    "Fr-223": 55.708461520386535,
    "Hg-206": 3.119512856865072e-11,
    "Pa-231": 15509.30624578175,
    "Pa-234": 1294714.4440832029,
    "Pa-234m": 809196527.5518633,
    "Pb-206": -0.0,
    "Pb-207": 0.0,
    "Pb-210": 0.0016419011014800894,
    "Pb-211": 3993.906114931946,
    "Pb-214": 0.011907632228746672,
    "Po-210": 0.001474172519885778,
    "Po-211": 11.023174961037785,
    "Po-214": 0.011907003963065245,
    "Po-215": 3993.942129616741,
    "Po-218": 0.011910058916133585,
    "Ra-223": 3993.938953279682,
    "Ra-226": 0.011937053172080365,
    "Rn-218": 2.3819909871919878e-09,
    "Rn-219": 3993.9388874244246,
    "Rn-222": 0.011909910288282973,
    "Th-227": 3954.6508409641215,
    "Th-230": 4.16158044244186,
    "Th-231": 36666029.62377664,
    "Th-234": 809196527.551863,
    "Tl-206": 2.1901447613365243e-09,
    "Tl-207": 3982.876059407163,
    "Tl-210": 2.5009825565986326e-06,
    "U-234": 45475.09421478816,
    "U-235": 36666029.62362501,
    "U-238": 809196527.5399126
}