{
    "Ac-227": 276.8250088853679,
    "At-218": 5.745740661257114e-07,
    "At-219": 0.0002292098027755488,
    "Bi-210": 0.0003945387400814289,
    "Bi-211": 273.87884791096513,
    "Bi-214": 0.0028727860439636947,
    "Bi-215": 0.00022233308933051763,
    "Fr-223": 3.820164264482576,
    "Hg-206": 7.524835145674848e-12,
    "Pa-231": 1063.538569726432,
    "Pa-234": 312308.7866430791,
    "Pa-234m": 195192991.65189102,
    "Pb-206": -0.0,
    "Pb-207": 0.0,
    "Pb-210": 0.0003960565537324219,
    "Pb-211": 273.878994313602,
    "Pb-214": 0.0028723385223258617,
    "Po-210": 0.0003555973543757815,
    "Po-211": 0.755905618608501,
    "Po-214": 0.002872186973161061,
    "Po-215": 273.88146399249985,
    "Po-218": 0.0028729238836747153,
    "Ra-223": 273.88124617766545,
    "Ra-226": 0.002879435391567131,
    "Rn-218": 5.745797603512895e-10,
    "Rn-219": 273.8812416616925,
    "Rn-222": 0.0028728880319207643,
    "Th-227": 271.1870945426942,
    "Th-230": 1.0038492614615973,
    "Th-231": 2514344.361097681,
    "Th-234": 195192991.65189093,
    "Tl-206": 5.283029444149381e-10,
    "Tl-207": 273.1226168657055,
    "Tl-210": 6.032827016307156e-07,
    "U-234": 10969.423846010253,
    "U-235": 2514344.361087283,
    "U-238": 195192991.64900827
}