{
    "Ac-227": 35221160.801418364,
    "At-218": 0.03629672848591771,
    "At-219": 29.16312023092541,
    "Bi-210": 173.55669624212814,
    "Bi-211": 35219121.15792961,
    "Bi-214": 181.48357356853103,
    "Bi-215": 28.288226330623342,
    "Fr-223": 486052.0044677987,
    "Hg-206": 3.297670179739989e-06,
    "Pa-231": 35771522.45500271,
    "Pa-234": 23878.111671291714,
    "Pa-234m": 14923819.794554766,
    "Pb-206": 0.0,
    "Pb-207": 0.0,
    "Pb-210": 173.5615939381663,
    "Pb-211": 35219121.260783814,
    "Pb-214": 181.44732702904045,
    "Po-210": 173.42156851454834,
    "Po-211": 97204.77439474435,
    "Po-214": 181.44549831323675,
    "Po-215": 35219122.99584592,
    "Po-218": 181.48364245113996,
    "Ra-223": 35219094.710793525,
    "Ra-226": 181.48748629903224,
    "Rn-218": 3.629672848584144e-05,
    "Rn-219": 35219094.70762114,
    "Rn-222": 181.4836446128689,
    "Th-227": 34733833.778675824,
    "Th-230": 768.662354154347,
    "Th-231": 863342012.8181312,
    "Th-234": 14923819.79455476,
    "Tl-206": 0.00023239250540577528,
    "Tl-207": 35121916.15490756,
    "Tl-210": 0.038111550258701846,
    "U-234": 84030.66394099816,
    "U-235": 863342012.8145609,
    "U-238": 14923819.794334365
}