{
    "Ac-227": 3.0682987518935653e-12,
    "At-218": 3.095947065882038e-33,
    "At-219": 2.070715894945379e-25,
    "Bi-210": 6.138430571132011e-25,
    "Bi-211": 5.673131086826864e-19,
    "Bi-214": 1.2321507812935633e-26,
    "Bi-215": 1.6355666554659984e-24,
    "Fr-223": 8.134957185925454e-20,
    "Hg-206": 1.321788888230249e-35,
    "Pa-231": 1.7737447896801545e-08,
    "Pa-234": 2.7059374553880393e-17,
    "Pa-234m": 4.9221810056024e-17,
    "Pb-206": -2.1951719863576786e-17,
    "Pb-207": 6.725121866915489e-13,
    "Pb-210": 9.966923359679948e-22,
    "Pb-211": 9.570100079945305e-18,
    "Pb-214": 1.6591204441515562e-26,
    "Po-210": 1.52717667986563e-23,
    "Po-211": 6.292403700341505e-24,
    "Po-214": 1.6951436971800542e-33,
    "Po-215": 7.869114468255395e-24,
    "Po-218": 1.91952296192076e-27,
    "Ra-223": 4.363365272902305e-15,
    "Ra-226": 5.222497745291884e-19,
    "Rn-218": 7.223948078145628e-38,
    "Rn-219": 1.7496725433986637e-20,
    "Rn-222": 3.409178844289858e-24,
    "Th-227": 7.060881699515072e-15,
    "Th-230": 8.577793306150871e-15,
    "Th-231": 3.726552391264072e-12,
    "Th-234": 1.4599946121232963e-12,
    "Tl-206": 4.782333069144646e-34,
    "Tl-207": 1.2610334217233707e-18,
    "Tl-210": 1.6903308702297532e-31,
    "U-234": 3.052714953698193e-10,
    "U-235": 0.9011382248573274,
    "U-238": 0.0988617570910058
}