{
    "Ac-227": 95052.66262735313,
    "At-218": 4.393007342550068e-08,
    "At-219": 0.07870315670477701,
    "Bi-210": 3.0165155099759757e-05,
    "Bi-211": 94041.04721632738,
    "Bi-214": 0.00021964392284191088,
    "Bi-215": 0.07634191800850658,
    "Fr-223": 1311.7195822552944,
    "Hg-206": 5.753245403038421e-13,
    "Pa-231": 365184.39308077865,
    "Pa-234": 23878.119005910266,
    "Pa-234m": 14923824.378691362,
    "Pb-206": -0.0,
    "Pb-207": 0.0,
    "Pb-210": 3.0281202218948323e-05,
    "Pb-211": 94041.0974862091,
    "Pb-214": 0.0002196097067859339,
    "Po-210": 2.7187822786669335e-05,
    "Po-211": 259.5532897588298,
    "Po-214": 0.00021959811982729828,
    "Po-215": 94041.94549324439,
    "Po-218": 0.00021965446162008253,
    "Ra-223": 94041.87070274747,
    "Ra-226": 0.0002201523104383443,
    "Rn-218": 4.393050878755842e-11,
    "Rn-219": 94041.86915210992,
    "Rn-222": 0.0002196517205110135,
    "Th-227": 93116.78706432556,
    "Th-230": 0.07675106546576037,
    "Th-231": 863343695.88469,
    "Th-234": 14923824.378691357,
    "Tl-206": 4.039233322093355e-11,
    "Tl-207": 93781.38218569005,
    "Tl-210": 4.612504277764133e-08,
    "U-234": 838.686643551427,
    "U-235": 863343695.8811197,
    "U-238": 14923824.37847096
}