{
    "Ac-227": 99348.94591112075,
    "At-218": 4.409006415482628,
    "At-219": 0.08226045901682369,
    "Bi-210": 3942.1574075802127,
    "Bi-211": 98291.6065165699,
    "Bi-214": 22044.74566827785,
    "Bi-215": 0.07979249474275917,
    "Fr-223": 1371.007967856103,
    "Hg-206": 7.511288556144338e-05,
    "Pa-231": 381690.354724764,
    "Pa-234": 13212.733553386315,
    "Pa-234m": 8257958.470865033,
    "Pb-206": 0.0,
    "Pb-207": 0.0,
    "Pb-210": 3953.3223963588616,
    "Pb-211": 98291.65905859892,
    "Pb-214": 22040.46130997641,
    "Po-210": 3648.9298273761865,
    "Po-211": 271.2848334022675,
    "Po-214": 22040.12068347066,
    "Po-215": 98292.54539468623,
    "Po-218": 22045.032223002607,
    "Ra-223": 98292.46722373524,
    "Ra-226": 22078.320736662976,
    "Rn-218": 0.004409006415083101,
    "Rn-219": 98292.46560301045,
    "Rn-222": 22045.05096582338,
    "Th-227": 97325.57074954436,
    "Th-230": 5110890.466755182,
    "Th-231": 902365949.2992742,
    "Th-234": 8257958.470865029,
    "Tl-206": 0.005278751963000119,
    "Tl-207": 98020.20489171553,
    "Tl-210": 4.629394941205548,
    "U-234": 27792327985.811386,
    "U-235": 902365949.2955425,
    "U-238": 8257958.470743075
}