{
    "Core": {
        "inner": 5.7,
        "outer": 6.993797121454696
    },
    "Reflector": {
        "inner": 6.993797121454696,
        "outer": 7.493797121454696
    },
    "HE": {
        "inner": 7.493797121454696,
        "outer": 13.493797121454696
    },
    "RadiationCase": {
        "inner": 13.493797121454696,
        "outer": 13.993797121454696
    },
    "Casing": {
        "inner": 13.993797121454696,
        "outer": 14.693797121454695
    }
}