{
    "Space": {
        "inner": 0.0,
        "outer": 5.77
    },
    "Core": {
        "inner": 5.77,
        "outer": 6.993797121454696
    },
    "Reflector": {
        "inner": 6.993797121454696,
        "outer": 7.493797121454696
    },
    "Tamper": {
        "inner": 7.493797121454696,
        "outer": 10.493797121454696
    },
    "HE": {
        "inner": 10.493797121454696,
        "outer": 16.493797121454698
    },
    "Casing": {
        "inner": 16.493797121454698,
        "outer": 17.193797121454697
    },
    "Shield": {
        "inner": 17.193797121454697,
        "outer": 17.249986555802938
    }
}