{
    "Ac-227": 91314.12059626983,
    "At-218": 0.12014217128838761,
    "At-219": 0.07560808948758439,
    "Bi-210": 574.472664561444,
    "Bi-211": 91308.83263166936,
    "Bi-214": 600.7106285118376,
    "Bi-215": 0.07333984604235681,
    "Fr-223": 1260.1348263979967,
    "Hg-206": 1.0915288294939363e-05,
    "Pa-231": 92740.98414259961,
    "Pa-234": 79036.54963197556,
    "Pa-234m": 49397843.51997627,
    "Pb-206": 0.0,
    "Pb-207": 0.0,
    "Pb-210": 574.4888759353305,
    "Pb-211": 91308.83289832839,
    "Pb-214": 600.5906524661237,
    "Po-210": 574.0253917831549,
    "Po-211": 252.0123780604483,
    "Po-214": 600.5845994168136,
    "Po-215": 91308.83739663757,
    "Po-218": 600.7108565132731,
    "Ra-223": 91308.76406502025,
    "Ra-226": 600.7235796497966,
    "Rn-218": 0.00012014217128813515,
    "Rn-219": 91308.76405679555,
    "Rn-222": 600.710863668596,
    "Th-227": 90050.68016693732,
    "Th-230": 2544.272392250888,
    "Th-231": 2238294.1073062657,
    "Th-234": 49397843.51997625,
    "Tl-206": 0.000769219192893116,
    "Tl-207": 91056.81966087146,
    "Tl-210": 0.1261492313563031,
    "U-234": 278141.4976447039,
    "U-235": 2238294.10729701,
    "U-238": 49397843.519246735
}