{
    "Ac-227": 246.4328290338785,
    "At-218": 1.4540854303840724e-07,
    "At-219": 0.00020404522108645888,
    "Bi-210": 9.984666338020478e-05,
    "Bi-211": 243.81012241270062,
    "Bi-214": 0.0007270213846067248,
    "Bi-215": 0.0001979234911331652,
    "Fr-223": 3.4007544725137264,
    "Hg-206": 1.9043242284057168e-12,
    "Pa-231": 946.7743524316483,
    "Pa-234": 79036.57390956297,
    "Pa-234m": 49397858.6934684,
    "Pb-206": -0.0,
    "Pb-207": 0.0,
    "Pb-210": 0.00010023077934471894,
    "Pb-211": 243.8102527420236,
    "Pb-214": 0.000726908129461441,
    "Po-210": 8.99916934238755e-05,
    "Po-211": 0.6729159364117808,
    "Po-214": 0.0007268697766283572,
    "Po-215": 243.81245127878174,
    "Po-218": 0.0007270562679624731,
    "Ra-223": 243.81225737749344,
    "Ra-226": 0.0007287041475509194,
    "Rn-218": 1.4540998408681835e-10,
    "Rn-219": 243.81225335732205,
    "Rn-222": 0.0007270471948914545,
    "Th-227": 241.41389238899217,
    "Th-230": 0.25404602669166676,
    "Th-231": 2238298.470812159,
    "Th-234": 49397858.69346838,
    "Tl-206": 1.3369862296129002e-10,
    "Tl-207": 243.13691677771496,
    "Tl-210": 1.5267389159399282e-07,
    "U-234": 2776.052790155223,
    "U-235": 2238298.4708029027,
    "U-238": 49397858.69273887
}