{
    "Ac-227": 2.413714829162585e-14,
    "At-218": 3.1093925931224903e-32,
    "At-219": 1.6289540448197243e-27,
    "Bi-210": 6.165089436319769e-24,
    "Bi-211": 4.462838119530108e-21,
    "Bi-214": 1.2375019441337807e-25,
    "Bi-215": 1.286638560846071e-26,
    "Fr-223": 6.39946380128506e-22,
    "Hg-206": 1.3275293444217259e-34,
    "Pa-231": 1.3953380841284428e-10,
    "Pa-234": 2.7176891924149177e-16,
    "Pa-234m": 4.943557766052408e-16,
    "Pb-206": -2.2047054971419277e-16,
    "Pb-207": 5.290399563628466e-15,
    "Pb-210": 1.0010209157752176e-20,
    "Pb-211": 7.528436553082859e-20,
    "Pb-214": 1.6663259126729232e-25,
    "Po-210": 1.5338091239007377e-22,
    "Po-211": 4.949996512959721e-26,
    "Po-214": 1.7025056127011848e-32,
    "Po-215": 6.190335368315779e-26,
    "Po-218": 1.9278593442050702e-26,
    "Ra-223": 3.432494784856817e-17,
    "Ra-226": 5.2451787647677516e-18,
    "Rn-218": 7.25532128595616e-37,
    "Rn-219": 1.3764013564760165e-22,
    "Rn-222": 3.4239847198565375e-23,
    "Th-227": 5.554529152209959e-17,
    "Th-230": 8.615046189067319e-14,
    "Th-231": 2.9315381244718505e-14,
    "Th-234": 1.4663352881460063e-11,
    "Tl-206": 4.803102477724887e-33,
    "Tl-207": 9.92007400910653e-21,
    "Tl-210": 1.697671883909061e-30,
    "U-234": 3.0659727262614305e-09,
    "U-235": 0.007088914321400571,
    "U-238": 0.9929110824582841
}