{
    "space_thickness": 6.7482762264815275,
    "core_thickness": 7.704311233170981,
    "reflector_thickness": 1,
    "HE_thickness": 10,
    "gap_thickness": 4.035213199826405,
    "radiationCase_thickness": 1.2322386168636217,
    "core_enrichment": 0.9086363969207362,
    "radiationCase_enrichment": 0.00300347552167344,
    "core_mass": 12,
    "radiationCase_mass": 161.37,
    "core_activity_185.7keV": 498571410,
    "detected_core_emission_185.7keV": 32407.14165,
    "background_activity_185.7keV": 27608192,
    "detected_background_emission_185.7keV": 6629058.197504,
    "detected_total_emission_185.7keV": 6661465.339153999,
    "core_activity_1001.0keV": 114806,
    "detected_core_emission_1001.0keV": 724.42586,
    "background_activity_1001.0keV": 20987586,
    "detected_background_emission_1001.0keV": 7604117.22159,
    "detected_total_emission_1001.0keV": 7604841.64745,
    "nr_in_batch": 3,
    "detected_DUcore_emission_185.7keV": 107.12101891224155,
    "detectedRadCase_DUcore_emission_185.7keV": 130.1932383702628,
    "detectedHE_DUcore_emission_185.7keV": 204.3539437710454,
    "detectedReflector_DUcore_emission_185.7keV": 2542.888187409057,
    "detectedCore_DUcore_emission_185.7keV": 3554.7698122108463,
    "detected_DUcore_emission_1001.0keV": 7905.243009215308,
    "detectedRadCase_DUcore_emission_1001.0keV": 8639.390775205826,
    "detectedHE_DUcore_emission_1001.0keV": 10828.053142416467,
    "detectedReflector_DUcore_emission_1001.0keV": 43153.10545997168,
    "detectedCore_DUcore_emission_1001.0keV": 51013.24724124218
}