{
    "space_thickness": 6.319975381724978,
    "core_thickness": 7.382904104504473,
    "reflector_thickness": 1,
    "HE_thickness": 10,
    "gap_thickness": 2.0498655874124436,
    "radiationCase_thickness": 1.9908618807696437,
    "core_enrichment": 0.9557589837623394,
    "radiationCase_enrichment": 0.007028023493358401,
    "core_mass": 12,
    "radiationCase_mass": 219.57,
    "core_activity_185.7keV": 524427709,
    "detected_core_emission_185.7keV": 26745.813159,
    "background_activity_185.7keV": 101461168,
    "detected_background_emission_185.7keV": 20664393.164224,
    "detected_total_emission_185.7keV": 20691138.977383,
    "core_activity_1001.0keV": 55593,
    "detected_core_emission_1001.0keV": 326.33091,
    "background_activity_1001.0keV": 32829073,
    "detected_background_emission_1001.0keV": 10756215.964939,
    "detected_total_emission_1001.0keV": 10756542.295849,
    "nr_in_batch": 52,
    "detected_DUcore_emission_185.7keV": 196.67113412121688,
    "detectedRadCase_DUcore_emission_185.7keV": 235.2341015959653,
    "detectedHE_DUcore_emission_185.7keV": 524.4563576565785,
    "detectedReflector_DUcore_emission_185.7keV": 6243.344434161768,
    "detectedCore_DUcore_emission_185.7keV": 8715.23064929314,
    "detected_DUcore_emission_1001.0keV": 7324.320069436646,
    "detectedRadCase_DUcore_emission_1001.0keV": 7978.143530490276,
    "detectedHE_DUcore_emission_1001.0keV": 11435.671794955173,
    "detectedReflector_DUcore_emission_1001.0keV": 45298.48650780716,
    "detectedCore_DUcore_emission_1001.0keV": 53324.04471677079
}