{
    "space_thickness": 6.284091354795322,
    "core_thickness": 7.3566647154922835,
    "reflector_thickness": 1,
    "HE_thickness": 10,
    "gap_thickness": 2.6372752727516002,
    "radiationCase_thickness": 1.3371516512121764,
    "core_enrichment": 0.9112973221580752,
    "radiationCase_enrichment": 0.003620484047676482,
    "core_mass": 12,
    "radiationCase_mass": 150.65,
    "core_activity_185.7keV": 500031467,
    "detected_core_emission_185.7keV": 33002.076822,
    "background_activity_185.7keV": 34041517,
    "detected_background_emission_185.7keV": 8000947.948095,
    "detected_total_emission_185.7keV": 8033950.024917,
    "core_activity_1001.0keV": 111463,
    "detected_core_emission_1001.0keV": 736.658967,
    "background_activity_1001.0keV": 21454679,
    "detected_background_emission_1001.0keV": 7700191.566495,
    "detected_total_emission_1001.0keV": 7700928.225462001,
    "nr_in_batch": 35,
    "detected_DUcore_emission_185.7keV": 131.11362212365995,
    "detectedRadCase_DUcore_emission_185.7keV": 156.9390325419566,
    "detectedHE_DUcore_emission_185.7keV": 272.16009440820324,
    "detectedReflector_DUcore_emission_185.7keV": 3226.1897322549057,
    "detectedCore_DUcore_emission_185.7keV": 4513.487113105385,
    "detected_DUcore_emission_1001.0keV": 8274.709645345161,
    "detectedRadCase_DUcore_emission_1001.0keV": 9005.898998179413,
    "detectedHE_DUcore_emission_1001.0keV": 11541.273038400921,
    "detectedReflector_DUcore_emission_1001.0keV": 45656.765308996306,
    "detectedCore_DUcore_emission_1001.0keV": 53716.12466549303
}