{
    "space_thickness": 6.1117070338557165,
    "core_thickness": 7.232207292951475,
    "reflector_thickness": 1,
    "HE_thickness": 10,
    "gap_thickness": 4.968954360590741,
    "radiationCase_thickness": 1.6996851962008135,
    "core_enrichment": 0.9022772628540131,
    "radiationCase_enrichment": 0.0039048309303551898,
    "core_mass": 12,
    "radiationCase_mass": 236.08,
    "core_activity_185.7keV": 495082135,
    "detected_core_emission_185.7keV": 29704.9281,
    "background_activity_185.7keV": 46250935,
    "detected_background_emission_185.7keV": 10032937.82394,
    "detected_total_emission_185.7keV": 10062642.752039999,
    "core_activity_1001.0keV": 122797,
    "detected_core_emission_1001.0keV": 779.024168,
    "background_activity_1001.0keV": 27019300,
    "detected_background_emission_1001.0keV": 9230198.1695,
    "detected_total_emission_1001.0keV": 9230977.193668,
    "nr_in_batch": 19,
    "detected_DUcore_emission_185.7keV": 128.55551917603674,
    "detectedRadCase_DUcore_emission_185.7keV": 152.1240310249768,
    "detectedHE_DUcore_emission_185.7keV": 297.8202860911518,
    "detectedReflector_DUcore_emission_185.7keV": 3560.9878811762173,
    "detectedCore_DUcore_emission_185.7keV": 4975.098592112621,
    "detected_DUcore_emission_1001.0keV": 7940.653204865298,
    "detectedRadCase_DUcore_emission_1001.0keV": 8686.654041892367,
    "detectedHE_DUcore_emission_1001.0keV": 11812.097146014159,
    "detectedReflector_DUcore_emission_1001.0keV": 46605.02544608362,
    "detectedCore_DUcore_emission_1001.0keV": 54763.470841624614
}