{
    "space_thickness": 5.951659033041279,
    "core_thickness": 7.119118462085444,
    "reflector_thickness": 1,
    "HE_thickness": 10,
    "gap_thickness": 0.2682735111900597,
    "radiationCase_thickness": 0.7232682021620103,
    "core_enrichment": 0.98037215543857,
    "radiationCase_enrichment": 0.004277701654905187,
    "core_mass": 12,
    "radiationCase_mass": 61.03,
    "core_activity_185.7keV": 537933027,
    "detected_core_emission_185.7keV": 45724.307295,
    "background_activity_185.7keV": 20270921,
    "detected_background_emission_185.7keV": 5572293.744611,
    "detected_total_emission_185.7keV": 5618018.051906,
    "core_activity_1001.0keV": 24664,
    "detected_core_emission_1001.0keV": 189.493512,
    "background_activity_1001.0keV": 10805782,
    "detected_background_emission_1001.0keV": 4288101.694188,
    "detected_total_emission_1001.0keV": 4288291.1877,
    "nr_in_batch": 53,
    "detected_DUcore_emission_185.7keV": 199.5109143411023,
    "detectedRadCase_DUcore_emission_185.7keV": 248.80184611949227,
    "detectedHE_DUcore_emission_185.7keV": 337.9949607661027,
    "detectedReflector_DUcore_emission_185.7keV": 3966.746414546622,
    "detectedCore_DUcore_emission_185.7keV": 5520.584359179677,
    "detected_DUcore_emission_1001.0keV": 9613.051905058042,
    "detectedRadCase_DUcore_emission_1001.0keV": 10577.73536448792,
    "detectedHE_DUcore_emission_1001.0keV": 12051.661583954063,
    "detectedReflector_DUcore_emission_1001.0keV": 47500.96349389867,
    "detectedCore_DUcore_emission_1001.0keV": 55810.25383640687
}