{
    "space_thickness": 5.580508885709227,
    "core_thickness": 6.866713604682286,
    "reflector_thickness": 1,
    "HE_thickness": 10,
    "gap_thickness": 2.6348269201759393,
    "radiationCase_thickness": 1.211124770505431,
    "core_enrichment": 0.9182841940154469,
    "radiationCase_enrichment": 0.005005929362976631,
    "core_mass": 12,
    "radiationCase_mass": 129.54,
    "core_activity_185.7keV": 503865184,
    "detected_core_emission_185.7keV": 39301.484352,
    "background_activity_185.7keV": 38503066,
    "detected_background_emission_185.7keV": 9378846.337742,
    "detected_total_emission_185.7keV": 9418147.822094,
    "core_activity_1001.0keV": 102683,
    "detected_core_emission_1001.0keV": 762.113226,
    "background_activity_1001.0keV": 17526132,
    "detected_background_emission_1001.0keV": 6467405.59998,
    "detected_total_emission_1001.0keV": 6468167.713206001,
    "nr_in_batch": 17,
    "detected_DUcore_emission_185.7keV": 214.2478938530476,
    "detectedRadCase_DUcore_emission_185.7keV": 260.9429476415324,
    "detectedHE_DUcore_emission_185.7keV": 417.5087162264518,
    "detectedReflector_DUcore_emission_185.7keV": 4861.7791297422345,
    "detectedCore_DUcore_emission_185.7keV": 6732.328049151535,
    "detected_DUcore_emission_1001.0keV": 9279.694179722834,
    "detectedRadCase_DUcore_emission_1001.0keV": 10196.160877881934,
    "detectedHE_DUcore_emission_1001.0keV": 12686.749776562598,
    "detectedReflector_DUcore_emission_1001.0keV": 49605.47919435508,
    "detectedCore_DUcore_emission_1001.0keV": 58212.51432413304
}