{
    "space_thickness": 6.944419618513418,
    "core_thickness": 7.856197988671617,
    "reflector_thickness": 1,
    "HE_thickness": 10,
    "gap_thickness": 3.0283954276985803,
    "radiationCase_thickness": 0.8930652277286482,
    "core_enrichment": 0.9636665175378147,
    "radiationCase_enrichment": 0.003053318483549245,
    "core_mass": 12,
    "radiationCase_mass": 106.91,
    "core_activity_185.7keV": 528766596,
    "detected_core_emission_185.7keV": 39657.4947,
    "background_activity_185.7keV": 20618674,
    "detected_background_emission_185.7keV": 5377845.027376,
    "detected_total_emission_185.7keV": 5417502.5220759995,
    "core_activity_1001.0keV": 45656,
    "detected_core_emission_1001.0keV": 298.864176,
    "background_activity_1001.0keV": 15417556,
    "detected_background_emission_1001.0keV": 5876524.809848,
    "detected_total_emission_1001.0keV": 5876823.674024,
    "nr_in_batch": 5,
    "detected_DUcore_emission_185.7keV": 125.65234893113478,
    "detectedRadCase_DUcore_emission_185.7keV": 144.08136010770122,
    "detectedHE_DUcore_emission_185.7keV": 202.71912294223077,
    "detectedReflector_DUcore_emission_185.7keV": 2533.151354451677,
    "detectedCore_DUcore_emission_185.7keV": 3543.3962398580006,
    "detected_DUcore_emission_1001.0keV": 8200.496625764017,
    "detectedRadCase_DUcore_emission_1001.0keV": 8953.398928251669,
    "detectedHE_DUcore_emission_1001.0keV": 10540.632234827137,
    "detectedReflector_DUcore_emission_1001.0keV": 42151.254196010064,
    "detectedCore_DUcore_emission_1001.0keV": 49861.92586291773
}