{
    "space_thickness": 6.427017603257436,
    "core_thickness": 7.4618322224640705,
    "reflector_thickness": 1,
    "HE_thickness": 10,
    "gap_thickness": 3.676504042505526,
    "radiationCase_thickness": 0.6462827497548267,
    "core_enrichment": 0.9829270511282644,
    "radiationCase_enrichment": 0.0053250455781365825,
    "core_mass": 12,
    "radiationCase_mass": 78.27,
    "core_activity_185.7keV": 539334906,
    "detected_core_emission_185.7keV": 44225.462292,
    "background_activity_185.7keV": 24009504,
    "detected_background_emission_185.7keV": 6714017.69856,
    "detected_total_emission_185.7keV": 6758243.160852,
    "core_activity_1001.0keV": 21454,
    "detected_core_emission_1001.0keV": 156.700016,
    "background_activity_1001.0keV": 10270605,
    "detected_background_emission_1001.0keV": 4105397.042415,
    "detected_total_emission_1001.0keV": 4105553.742431,
    "nr_in_batch": 1,
    "detected_DUcore_emission_185.7keV": 239.59316426978367,
    "detectedRadCase_DUcore_emission_185.7keV": 295.10865355180675,
    "detectedHE_DUcore_emission_185.7keV": 382.76468926026416,
    "detectedReflector_DUcore_emission_185.7keV": 4663.301099689936,
    "detectedCore_DUcore_emission_185.7keV": 6530.37466028008,
    "detected_DUcore_emission_1001.0keV": 9129.230413276087,
    "detectedRadCase_DUcore_emission_1001.0keV": 10032.904234305468,
    "detectedHE_DUcore_emission_1001.0keV": 11289.048342375356,
    "detectedReflector_DUcore_emission_1001.0keV": 44753.72729706511,
    "detectedCore_DUcore_emission_1001.0keV": 52763.05211747491
}