{
    "space_thickness": 5.805364319625954,
    "core_thickness": 7.017932386735623,
    "reflector_thickness": 1,
    "HE_thickness": 10,
    "gap_thickness": 2.3518528326524217,
    "radiationCase_thickness": 0.36616083651196696,
    "core_enrichment": 0.9768853115995185,
    "radiationCase_enrichment": 0.0015288970458940414,
    "core_mass": 12,
    "radiationCase_mass": 37.13,
    "core_activity_185.7keV": 536019786,
    "detected_core_emission_185.7keV": 55746.057744,
    "background_activity_185.7keV": 3540879,
    "detected_background_emission_185.7keV": 1080329.264658,
    "detected_total_emission_185.7keV": 1136075.3224020002,
    "core_activity_1001.0keV": 29046,
    "detected_core_emission_1001.0keV": 243.870216,
    "background_activity_1001.0keV": 5295699,
    "detected_background_emission_1001.0keV": 2245100.999652,
    "detected_total_emission_1001.0keV": 2245344.869868,
    "nr_in_batch": 24,
    "detected_DUcore_emission_185.7keV": 87.24666244089624,
    "detectedRadCase_DUcore_emission_185.7keV": 109.89723826689816,
    "detectedHE_DUcore_emission_185.7keV": 124.99762215089943,
    "detectedReflector_DUcore_emission_185.7keV": 1443.7644813536772,
    "detectedCore_DUcore_emission_185.7keV": 2010.8677872195028,
    "detected_DUcore_emission_1001.0keV": 10534.165845873911,
    "detectedRadCase_DUcore_emission_1001.0keV": 11555.463011017,
    "detectedHE_DUcore_emission_1001.0keV": 12329.591206217596,
    "detectedReflector_DUcore_emission_1001.0keV": 48445.11810872838,
    "detectedCore_DUcore_emission_1001.0keV": 56937.94428913816
}