{
    "space_thickness": 6.226403794543241,
    "core_thickness": 7.314718678853389,
    "reflector_thickness": 1,
    "HE_thickness": 10,
    "gap_thickness": 0.8276993945826944,
    "radiationCase_thickness": 1.3765905729883938,
    "core_enrichment": 0.9641158868448025,
    "radiationCase_enrichment": 0.0033539332815437934,
    "core_mass": 12,
    "radiationCase_mass": 129.99,
    "core_activity_185.7keV": 529013166,
    "detected_core_emission_185.7keV": 34914.868956,
    "background_activity_185.7keV": 32261208,
    "detected_background_emission_185.7keV": 7514861.269104,
    "detected_total_emission_185.7keV": 7549776.13806,
    "core_activity_1001.0keV": 45091,
    "detected_core_emission_1001.0keV": 297.961328,
    "background_activity_1001.0keV": 21954429,
    "detected_background_emission_1001.0keV": 7838126.332722,
    "detected_total_emission_1001.0keV": 7838424.29405,
    "nr_in_batch": 2,
    "detected_DUcore_emission_185.7keV": 121.46064866285376,
    "detectedRadCase_DUcore_emission_185.7keV": 147.22502868224697,
    "detectedHE_DUcore_emission_185.7keV": 252.12286161834797,
    "detectedReflector_DUcore_emission_185.7keV": 3008.9115236934226,
    "detectedCore_DUcore_emission_185.7keV": 4217.997071746377,
    "detected_DUcore_emission_1001.0keV": 8275.6709184988,
    "detectedRadCase_DUcore_emission_1001.0keV": 9013.317736143441,
    "detectedHE_DUcore_emission_1001.0keV": 11662.083473526154,
    "detectedReflector_DUcore_emission_1001.0keV": 45985.82936688217,
    "detectedCore_DUcore_emission_1001.0keV": 54094.93487494508
}