{
    "space_thickness": 5.908537973404415,
    "core_thickness": 7.089071748883585,
    "reflector_thickness": 1,
    "HE_thickness": 10,
    "gap_thickness": 1.2790918966776654,
    "radiationCase_thickness": 1.462070254002978,
    "core_enrichment": 0.9130423864574438,
    "radiationCase_enrichment": 0.006407502010386765,
    "core_mass": 12,
    "radiationCase_mass": 141.83,
    "core_activity_185.7keV": 500988989,
    "detected_core_emission_185.7keV": 33566.262263,
    "background_activity_185.7keV": 62890254,
    "detected_background_emission_185.7keV": 14400736.141428,
    "detected_total_emission_185.7keV": 14434302.403691,
    "core_activity_1001.0keV": 109270,
    "detected_core_emission_1001.0keV": 743.14527,
    "background_activity_1001.0keV": 22333556,
    "detected_background_emission_1001.0keV": 7908535.51516,
    "detected_total_emission_1001.0keV": 7909278.66043,
    "nr_in_batch": 1,
    "detected_DUcore_emission_185.7keV": 235.55959302422974,
    "detectedRadCase_DUcore_emission_185.7keV": 288.29681534308713,
    "detectedHE_DUcore_emission_185.7keV": 513.3089639035454,
    "detectedReflector_DUcore_emission_185.7keV": 5973.369381315915,
    "detectedCore_DUcore_emission_185.7keV": 8325.449496736956,
    "detected_DUcore_emission_1001.0keV": 8491.282694361751,
    "detectedRadCase_DUcore_emission_1001.0keV": 9254.13723431985,
    "detectedHE_DUcore_emission_1001.0keV": 12094.553074589367,
    "detectedReflector_DUcore_emission_1001.0keV": 47642.8255159756,
    "detectedCore_DUcore_emission_1001.0keV": 55959.3133893977
}