{
    "space_thickness": 6.673179628627822,
    "core_thickness": 7.646908010295141,
    "reflector_thickness": 1,
    "HE_thickness": 10,
    "gap_thickness": 4.241237998894148,
    "radiationCase_thickness": 0.8040003008143561,
    "core_enrichment": 0.976299201049473,
    "radiationCase_enrichment": 0.006871517816861747,
    "core_mass": 12,
    "radiationCase_mass": 104.69,
    "core_activity_185.7keV": 535698186,
    "detected_core_emission_185.7keV": 41784.458508,
    "background_activity_185.7keV": 40119536,
    "detected_background_emission_185.7keV": 10733179.46608,
    "detected_total_emission_185.7keV": 10774963.924588,
    "core_activity_1001.0keV": 29782,
    "detected_core_emission_1001.0keV": 204.542776,
    "background_activity_1001.0keV": 13278947,
    "detected_background_emission_1001.0keV": 5152111.925477,
    "detected_total_emission_1001.0keV": 5152316.468253,
    "nr_in_batch": 28,
    "detected_DUcore_emission_185.7keV": 294.0928872717683,
    "detectedRadCase_DUcore_emission_185.7keV": 343.10836848372963,
    "detectedHE_DUcore_emission_185.7keV": 478.84354722454583,
    "detectedReflector_DUcore_emission_185.7keV": 5863.0056372769195,
    "detectedCore_DUcore_emission_185.7keV": 8215.748735451065,
    "detected_DUcore_emission_1001.0keV": 8570.929937123077,
    "detectedRadCase_DUcore_emission_1001.0keV": 9362.131099053193,
    "detectedHE_DUcore_emission_1001.0keV": 10887.127660375905,
    "detectedReflector_DUcore_emission_1001.0keV": 43358.82203485792,
    "detectedCore_DUcore_emission_1001.0keV": 51232.147162014226
}