{
    "space_thickness": 5.989683304394755,
    "core_thickness": 7.145764444629806,
    "reflector_thickness": 1,
    "HE_thickness": 10,
    "gap_thickness": 3.019349716998895,
    "radiationCase_thickness": 1.6031860366585822,
    "core_enrichment": 0.93362862066431,
    "radiationCase_enrichment": 0.005232703096322821,
    "core_mass": 12,
    "radiationCase_mass": 185.76,
    "core_activity_185.7keV": 512284715,
    "detected_core_emission_185.7keV": 31249.367615,
    "background_activity_185.7keV": 57272828,
    "detected_background_emission_185.7keV": 12697729.604568,
    "detected_total_emission_185.7keV": 12728978.972183,
    "core_activity_1001.0keV": 83401,
    "detected_core_emission_1001.0keV": 547.444164,
    "background_activity_1001.0keV": 24934405,
    "detected_background_emission_1001.0keV": 8645531.180055,
    "detected_total_emission_1001.0keV": 8646078.624219,
    "nr_in_batch": 3,
    "detected_DUcore_emission_185.7keV": 175.14315553229943,
    "detectedRadCase_DUcore_emission_185.7keV": 221.08234386864027,
    "detectedHE_DUcore_emission_185.7keV": 407.7102964850249,
    "detectedReflector_DUcore_emission_185.7keV": 4837.9707716708945,
    "detectedCore_DUcore_emission_185.7keV": 6738.704689086996,
    "detected_DUcore_emission_1001.0keV": 8205.070045536482,
    "detectedRadCase_DUcore_emission_1001.0keV": 8946.326373538177,
    "detectedHE_DUcore_emission_1001.0keV": 11986.352325814949,
    "detectedReflector_DUcore_emission_1001.0keV": 47235.40324203726,
    "detectedCore_DUcore_emission_1001.0keV": 55491.72372509157
}