{
    "space_thickness": 5.64811511900801,
    "core_thickness": 6.911614036085228,
    "reflector_thickness": 1,
    "HE_thickness": 10,
    "gap_thickness": 4.836840072135479,
    "radiationCase_thickness": 1.2749370899310548,
    "core_enrichment": 0.9012091100777534,
    "radiationCase_enrichment": 0.006493596117068316,
    "core_mass": 12,
    "radiationCase_mass": 167.4,
    "core_activity_185.7keV": 494496036,
    "detected_core_emission_185.7keV": 37581.698736,
    "background_activity_185.7keV": 53211299,
    "detected_background_emission_185.7keV": 12764805.305811,
    "detected_total_emission_185.7keV": 12802387.004547,
    "core_activity_1001.0keV": 124139,
    "detected_core_emission_1001.0keV": 904.476754,
    "background_activity_1001.0keV": 18644221,
    "detected_background_emission_1001.0keV": 6808515.269001,
    "detected_total_emission_1001.0keV": 6809419.745755,
    "nr_in_batch": 11,
    "detected_DUcore_emission_185.7keV": 270.7921728362311,
    "detectedRadCase_DUcore_emission_185.7keV": 317.11188661084964,
    "detectedHE_DUcore_emission_185.7keV": 541.5843456724622,
    "detectedReflector_DUcore_emission_185.7keV": 6288.791908630895,
    "detectedCore_DUcore_emission_185.7keV": 8704.543134722537,
    "detected_DUcore_emission_1001.0keV": 9096.033662112575,
    "detectedRadCase_DUcore_emission_1001.0keV": 9947.460365044331,
    "detectedHE_DUcore_emission_1001.0keV": 12544.186966361123,
    "detectedReflector_DUcore_emission_1001.0keV": 49138.057224917786,
    "detectedCore_DUcore_emission_1001.0keV": 57683.53491050118
}