{
    "space_thickness": 6.699058610673616,
    "core_thickness": 7.666641503371097,
    "reflector_thickness": 1,
    "HE_thickness": 10,
    "gap_thickness": 4.109781192238208,
    "radiationCase_thickness": 0.9208739948610694,
    "core_enrichment": 0.9696397683773463,
    "radiationCase_enrichment": 0.0015046059629633655,
    "core_mass": 12,
    "radiationCase_mass": 119.36,
    "core_activity_185.7keV": 532044136,
    "detected_core_emission_185.7keV": 39903.3102,
    "background_activity_185.7keV": 10143484,
    "detected_background_emission_185.7keV": 2631250.180052,
    "detected_total_emission_185.7keV": 2671153.4902520003,
    "core_activity_1001.0keV": 38150,
    "detected_core_emission_1001.0keV": 256.5206,
    "background_activity_1001.0keV": 15415776,
    "detected_background_emission_1001.0keV": 5867675.987328,
    "detected_total_emission_1001.0keV": 5867932.507928001,
    "nr_in_batch": 48,
    "detected_DUcore_emission_185.7keV": 61.91862214202251,
    "detectedRadCase_DUcore_emission_185.7keV": 71.8256016847461,
    "detectedHE_DUcore_emission_185.7keV": 104.8488668271581,
    "detectedReflector_DUcore_emission_185.7keV": 1280.4771058970252,
    "detectedCore_DUcore_emission_185.7keV": 1795.640042118653,
    "detected_DUcore_emission_1001.0keV": 8436.571505684673,
    "detectedRadCase_DUcore_emission_1001.0keV": 9184.36993182805,
    "detectedHE_DUcore_emission_1001.0keV": 10914.594813794018,
    "detectedReflector_DUcore_emission_1001.0keV": 43456.37330448969,
    "detectedCore_DUcore_emission_1001.0keV": 51362.20867886791
}