{
    "space_thickness": 5.174835763153537,
    "core_thickness": 6.60817391995426,
    "reflector_thickness": 1,
    "HE_thickness": 10,
    "gap_thickness": 3.2292850215699573,
    "radiationCase_thickness": 0.6357431502309998,
    "core_enrichment": 0.950592590650338,
    "radiationCase_enrichment": 0.004288180130032781,
    "core_mass": 12,
    "radiationCase_mass": 68.3,
    "core_activity_185.7keV": 521592894,
    "detected_core_emission_185.7keV": 56853.625446,
    "background_activity_185.7keV": 15967556,
    "detected_background_emission_185.7keV": 4523959.901032,
    "detected_total_emission_185.7keV": 4580813.526478,
    "core_activity_1001.0keV": 62085,
    "detected_core_emission_1001.0keV": 543.36792,
    "background_activity_1001.0keV": 8490907,
    "detected_background_emission_1001.0keV": 3456232.185257,
    "detected_total_emission_1001.0keV": 3456775.553177,
    "nr_in_batch": 8,
    "detected_DUcore_emission_185.7keV": 256.47011087808994,
    "detectedRadCase_DUcore_emission_185.7keV": 308.2347204131173,
    "detectedHE_DUcore_emission_185.7keV": 374.1169507304248,
    "detectedReflector_DUcore_emission_185.7keV": 4390.580063289136,
    "detectedCore_DUcore_emission_185.7keV": 6063.518125989338,
    "detected_DUcore_emission_1001.0keV": 10950.480918343219,
    "detectedRadCase_DUcore_emission_1001.0keV": 11968.955720392052,
    "detectedHE_DUcore_emission_1001.0keV": 13464.136787281923,
    "detectedReflector_DUcore_emission_1001.0keV": 52131.145733863144,
    "detectedCore_DUcore_emission_1001.0keV": 61208.583926571104
}