{
    "space_thickness": 6.681388575336981,
    "core_thickness": 7.653162045606252,
    "reflector_thickness": 1,
    "HE_thickness": 10,
    "gap_thickness": 4.229857516850821,
    "radiationCase_thickness": 0.6180784169484845,
    "core_enrichment": 0.9514818500056351,
    "radiationCase_enrichment": 0.003491602612040434,
    "core_mass": 12,
    "radiationCase_mass": 79.8,
    "core_activity_185.7keV": 522080834,
    "detected_core_emission_185.7keV": 42810.628388,
    "background_activity_185.7keV": 15575654,
    "detected_background_emission_185.7keV": 4381151.108428,
    "detected_total_emission_185.7keV": 4423961.736815999,
    "core_activity_1001.0keV": 60967,
    "detected_core_emission_1001.0keV": 433.170535,
    "background_activity_1001.0keV": 10180226,
    "detected_background_emission_1001.0keV": 4077211.053678,
    "detected_total_emission_1001.0keV": 4077644.224213,
    "nr_in_batch": 32,
    "detected_DUcore_emission_185.7keV": 157.09989819169812,
    "detectedRadCase_DUcore_emission_185.7keV": 185.83768444627702,
    "detectedHE_DUcore_emission_185.7keV": 243.31325695543487,
    "detectedReflector_DUcore_emission_185.7keV": 2982.9822132252916,
    "detectedCore_DUcore_emission_185.7keV": 4168.894859330915,
    "detected_DUcore_emission_1001.0keV": 8896.870439708233,
    "detectedRadCase_DUcore_emission_1001.0keV": 9738.347840902314,
    "detectedHE_DUcore_emission_1001.0keV": 10914.162245249398,
    "detectedReflector_DUcore_emission_1001.0keV": 43456.29721880852,
    "detectedCore_DUcore_emission_1001.0keV": 51361.42643568088
}