{
    "space_thickness": 6.3260382947536815,
    "core_thickness": 7.387348501110379,
    "reflector_thickness": 1,
    "HE_thickness": 10,
    "gap_thickness": 1.9225278673497137,
    "radiationCase_thickness": 1.2239956813849153,
    "core_enrichment": 0.9341379192523583,
    "radiationCase_enrichment": 0.0020880550109535325,
    "core_mass": 12,
    "radiationCase_mass": 128.63,
    "core_activity_185.7keV": 512564169,
    "detected_core_emission_185.7keV": 35879.49183,
    "background_activity_185.7keV": 17993584,
    "detected_background_emission_185.7keV": 4342679.524064,
    "detected_total_emission_185.7keV": 4378559.0158939995,
    "core_activity_1001.0keV": 82761,
    "detected_core_emission_1001.0keV": 554.002134,
    "background_activity_1001.0keV": 19693502,
    "detected_background_emission_1001.0keV": 7183283.628508,
    "detected_total_emission_1001.0keV": 7183837.630642,
    "nr_in_batch": 22,
    "detected_DUcore_emission_185.7keV": 80.20052619955882,
    "detectedRadCase_DUcore_emission_185.7keV": 93.9491878337689,
    "detectedHE_DUcore_emission_185.7keV": 155.81816518771427,
    "detectedReflector_DUcore_emission_185.7keV": 1852.6321552098088,
    "detectedCore_DUcore_emission_185.7keV": 2584.748387231496,
    "detected_DUcore_emission_1001.0keV": 8394.022913015919,
    "detectedRadCase_DUcore_emission_1001.0keV": 9160.193812306736,
    "detectedHE_DUcore_emission_1001.0keV": 11478.769905250629,
    "detectedReflector_DUcore_emission_1001.0keV": 45496.2562488861,
    "detectedCore_DUcore_emission_1001.0keV": 53556.72521883924
}