{
    "space_thickness": 5.032938565877148,
    "core_thickness": 6.522412994751154,
    "reflector_thickness": 1,
    "HE_thickness": 10,
    "gap_thickness": 0.10916800815392258,
    "radiationCase_thickness": 0.9107448880935394,
    "core_enrichment": 0.9358275806455435,
    "radiationCase_enrichment": 0.005341331189169959,
    "core_mass": 12,
    "radiationCase_mass": 71.53,
    "core_activity_185.7keV": 513491291,
    "detected_core_emission_185.7keV": 52889.602973,
    "background_activity_185.7keV": 28272404,
    "detected_background_emission_185.7keV": 7452436.059976,
    "detected_total_emission_185.7keV": 7505325.6629490005,
    "core_activity_1001.0keV": 80638,
    "detected_core_emission_1001.0keV": 685.423,
    "background_activity_1001.0keV": 12057084,
    "detected_background_emission_1001.0keV": 4696065.418824,
    "detected_total_emission_1001.0keV": 4696750.841824001,
    "nr_in_batch": 49,
    "detected_DUcore_emission_185.7keV": 301.87279332220044,
    "detectedRadCase_DUcore_emission_185.7keV": 351.69645823945683,
    "detectedHE_DUcore_emission_185.7keV": 477.7210224419288,
    "detectedReflector_DUcore_emission_185.7keV": 5577.319666914053,
    "detectedCore_DUcore_emission_185.7keV": 7687.4984163507925,
    "detected_DUcore_emission_1001.0keV": 10623.93045030722,
    "detectedRadCase_DUcore_emission_1001.0keV": 11593.832806711738,
    "detectedHE_DUcore_emission_1001.0keV": 13724.868267626305,
    "detectedReflector_DUcore_emission_1001.0keV": 52945.919741819314,
    "detectedCore_DUcore_emission_1001.0keV": 62181.23998856284
}