{
    "space_thickness": 6.850024935721385,
    "core_thickness": 7.782756047574362,
    "reflector_thickness": 1,
    "HE_thickness": 10,
    "gap_thickness": 0.9938315363390737,
    "radiationCase_thickness": 0.30661223074624033,
    "core_enrichment": 0.9840857699601173,
    "radiationCase_enrichment": 0.0020145736839168615,
    "core_mass": 12,
    "radiationCase_mass": 29.23,
    "core_activity_185.7keV": 539970698,
    "detected_core_emission_185.7keV": 48597.36282,
    "background_activity_185.7keV": 4507626,
    "detected_background_emission_185.7keV": 1390449.361716,
    "detected_total_emission_185.7keV": 1439046.7245359998,
    "core_activity_1001.0keV": 19998,
    "detected_core_emission_1001.0keV": 146.645334,
    "background_activity_1001.0keV": 5113802,
    "detected_background_emission_1001.0keV": 2165342.294662,
    "detected_total_emission_1001.0keV": 2165488.939996,
    "nr_in_batch": 57,
    "detected_DUcore_emission_185.7keV": 99.48621482214419,
    "detectedRadCase_DUcore_emission_185.7keV": 119.38345778657303,
    "detectedHE_DUcore_emission_185.7keV": 134.85909120335103,
    "detectedReflector_DUcore_emission_185.7keV": 1690.1602495895386,
    "detectedCore_DUcore_emission_185.7keV": 2365.5611079932064,
    "detected_DUcore_emission_1001.0keV": 9195.981850693379,
    "detectedRadCase_DUcore_emission_1001.0keV": 10112.695710349299,
    "detectedHE_DUcore_emission_1001.0keV": 10687.052683977769,
    "detectedReflector_DUcore_emission_1001.0keV": 42686.76206405999,
    "detectedCore_DUcore_emission_1001.0keV": 50479.45689839909
}