{
    "space_thickness": 5.40293082778021,
    "core_thickness": 6.751189398807856,
    "reflector_thickness": 1,
    "HE_thickness": 10,
    "gap_thickness": 2.6451998699653796,
    "radiationCase_thickness": 1.99678650145763,
    "core_enrichment": 0.9837773430568372,
    "radiationCase_enrichment": 0.005950890640247541,
    "core_mass": 12,
    "radiationCase_mass": 219.54,
    "core_activity_185.7keV": 539801464,
    "detected_core_emission_185.7keV": 33467.690768,
    "background_activity_185.7keV": 76117548,
    "detected_background_emission_185.7keV": 15611785.212348,
    "detected_total_emission_185.7keV": 15645252.903115999,
    "core_activity_1001.0keV": 20385,
    "detected_core_emission_1001.0keV": 136.09026,
    "background_activity_1001.0keV": 29118275,
    "detected_background_emission_1001.0keV": 9649068.378125,
    "detected_total_emission_1001.0keV": 9649204.468385002,
    "nr_in_batch": 4,
    "detected_DUcore_emission_185.7keV": 202.44679247580842,
    "detectedRadCase_DUcore_emission_185.7keV": 238.36477178603246,
    "detectedHE_DUcore_emission_185.7keV": 502.85171034313703,
    "detectedReflector_DUcore_emission_185.7keV": 5900.3444194159,
    "detectedCore_DUcore_emission_185.7keV": 8163.177115960017,
    "detected_DUcore_emission_1001.0keV": 8339.046388224644,
    "detectedRadCase_DUcore_emission_1001.0keV": 9054.785390689101,
    "detectedHE_DUcore_emission_1001.0keV": 12990.725350140247,
    "detectedReflector_DUcore_emission_1001.0keV": 50621.359186517664,
    "detectedCore_DUcore_emission_1001.0keV": 59427.572044064655
}