{
    "space_thickness": 6.802278255942485,
    "core_thickness": 7.745850555236831,
    "reflector_thickness": 1,
    "HE_thickness": 10,
    "gap_thickness": 2.0754198341775205,
    "radiationCase_thickness": 1.1824701100656023,
    "core_enrichment": 0.9540478060565851,
    "radiationCase_enrichment": 0.004468151289909857,
    "core_mass": 12,
    "radiationCase_mass": 130.16,
    "core_activity_185.7keV": 523488781,
    "detected_core_emission_185.7keV": 35597.237108,
    "background_activity_185.7keV": 39626102,
    "detected_background_emission_185.7keV": 9624427.279862,
    "detected_total_emission_185.7keV": 9660024.51697,
    "core_activity_1001.0keV": 57743,
    "detected_core_emission_1001.0keV": 364.993503,
    "background_activity_1001.0keV": 20219184,
    "detected_background_emission_1001.0keV": 7377434.323632,
    "detected_total_emission_1001.0keV": 7377799.317135,
    "nr_in_batch": 3,
    "detected_DUcore_emission_185.7keV": 166.7147494013908,
    "detectedRadCase_DUcore_emission_185.7keV": 196.13499929575386,
    "detectedHE_DUcore_emission_185.7keV": 301.5575614172216,
    "detectedReflector_DUcore_emission_185.7keV": 3778.050423934459,
    "detectedCore_DUcore_emission_185.7keV": 5261.321356108598,
    "detected_DUcore_emission_1001.0keV": 7907.390195837509,
    "detectedRadCase_DUcore_emission_1001.0keV": 8647.965262430738,
    "detectedHE_DUcore_emission_1001.0keV": 10737.087494205558,
    "detectedReflector_DUcore_emission_1001.0keV": 42806.990209043455,
    "detectedCore_DUcore_emission_1001.0keV": 50621.80852155681
}