{
    "space_thickness": 6.332536372993169,
    "core_thickness": 7.392115413954496,
    "reflector_thickness": 1,
    "HE_thickness": 10,
    "gap_thickness": 1.8699053460385584,
    "radiationCase_thickness": 1.4242140777411465,
    "core_enrichment": 0.9651056249429916,
    "radiationCase_enrichment": 0.004795134552183396,
    "core_mass": 12,
    "radiationCase_mass": 150.44,
    "core_activity_185.7keV": 529556238,
    "detected_core_emission_185.7keV": 33362.042994,
    "background_activity_185.7keV": 48507879,
    "detected_background_emission_185.7keV": 11165155.525188,
    "detected_total_emission_185.7keV": 11198517.568182,
    "core_activity_1001.0keV": 43848,
    "detected_core_emission_1001.0keV": 283.389624,
    "background_activity_1001.0keV": 23055734,
    "detected_background_emission_1001.0keV": 8162652.06536,
    "detected_total_emission_1001.0keV": 8162935.454984,
    "nr_in_batch": 5,
    "detected_DUcore_emission_185.7keV": 165.75956142863197,
    "detectedRadCase_DUcore_emission_185.7keV": 202.5950195238835,
    "detectedHE_DUcore_emission_185.7keV": 355.1990602042114,
    "detectedReflector_DUcore_emission_185.7keV": 4251.864305851893,
    "detectedCore_DUcore_emission_185.7keV": 5935.770961634821,
    "detected_DUcore_emission_1001.0keV": 8082.372599904742,
    "detectedRadCase_DUcore_emission_1001.0keV": 8790.189850646826,
    "detectedHE_DUcore_emission_1001.0keV": 11435.12533707705,
    "detectedReflector_DUcore_emission_1001.0keV": 45341.57254444472,
    "detectedCore_DUcore_emission_1001.0keV": 53363.918239692895
}