{
    "space_thickness": 6.507583044778825,
    "core_thickness": 7.521869349730663,
    "reflector_thickness": 1,
    "HE_thickness": 10,
    "gap_thickness": 2.175502559037379,
    "radiationCase_thickness": 1.6389978757551744,
    "core_enrichment": 0.9937696399618124,
    "radiationCase_enrichment": 0.0031368330041658377,
    "core_mass": 12,
    "radiationCase_mass": 182.22,
    "core_activity_185.7keV": 545284266,
    "detected_core_emission_185.7keV": 31081.203162,
    "background_activity_185.7keV": 37713805,
    "detected_background_emission_185.7keV": 8262114.11657,
    "detected_total_emission_185.7keV": 8293195.319731999,
    "core_activity_1001.0keV": 7829,
    "detected_core_emission_1001.0keV": 47.67861,
    "background_activity_1001.0keV": 27447291,
    "detected_background_emission_1001.0keV": 9407394.306504,
    "detected_total_emission_1001.0keV": 9407441.985114,
    "nr_in_batch": 10,
    "detected_DUcore_emission_185.7keV": 98.10779070356983,
    "detectedRadCase_DUcore_emission_185.7keV": 120.48325174122611,
    "detectedHE_DUcore_emission_185.7keV": 223.75461037656277,
    "detectedReflector_DUcore_emission_185.7keV": 2729.806246594066,
    "detectedCore_DUcore_emission_185.7keV": 3819.319080196868,
    "detected_DUcore_emission_1001.0keV": 7628.603861350655,
    "detectedRadCase_DUcore_emission_1001.0keV": 8315.052944440993,
    "detectedHE_DUcore_emission_1001.0keV": 11187.366352335419,
    "detectedReflector_DUcore_emission_1001.0keV": 44446.32548578719,
    "detectedCore_DUcore_emission_1001.0keV": 52408.13273418534
}