{
    "space_thickness": 6.36529767158782,
    "core_thickness": 7.416203896423291,
    "reflector_thickness": 1,
    "HE_thickness": 10,
    "gap_thickness": 3.8259304738176914,
    "radiationCase_thickness": 0.5403466719129434,
    "core_enrichment": 0.9256627623442052,
    "radiationCase_enrichment": 0.005560863233903214,
    "core_mass": 12,
    "radiationCase_mass": 65.73,
    "core_activity_185.7keV": 507913826,
    "detected_core_emission_185.7keV": 44696.416688,
    "background_activity_185.7keV": 20696852,
    "detected_background_emission_185.7keV": 5970089.746808,
    "detected_total_emission_185.7keV": 6014786.163496,
    "core_activity_1001.0keV": 93411,
    "detected_core_emission_1001.0keV": 700.208856,
    "background_activity_1001.0keV": 8476084,
    "detected_background_emission_1001.0keV": 3455038.312248,
    "detected_total_emission_1001.0keV": 3455738.521104,
    "nr_in_batch": 8,
    "detected_DUcore_emission_185.7keV": 268.51102822351686,
    "detectedRadCase_DUcore_emission_185.7keV": 332.587523595038,
    "detectedHE_DUcore_emission_185.7keV": 408.8690657039916,
    "detectedReflector_DUcore_emission_185.7keV": 4906.4287884479,
    "detectedCore_DUcore_emission_185.7keV": 6856.185004752755,
    "detected_DUcore_emission_1001.0keV": 9366.988929718318,
    "detectedRadCase_DUcore_emission_1001.0keV": 10334.178021447504,
    "detectedHE_DUcore_emission_1001.0keV": 11376.34301176035,
    "detectedReflector_DUcore_emission_1001.0keV": 45111.748579477186,
    "detectedCore_DUcore_emission_1001.0keV": 53125.42253976048
}