{
    "space_thickness": 5.301500211363637,
    "core_thickness": 6.686826496719784,
    "reflector_thickness": 1,
    "HE_thickness": 10,
    "gap_thickness": 4.841403583472321,
    "radiationCase_thickness": 0.21826886649857746,
    "core_enrichment": 0.9205342783668274,
    "radiationCase_enrichment": 0.001657271862739136,
    "core_mass": 12,
    "radiationCase_mass": 26.85,
    "core_activity_185.7keV": 505099812,
    "detected_core_emission_185.7keV": 61622.177064,
    "background_activity_185.7keV": 2117954,
    "detected_background_emission_185.7keV": 680333.419788,
    "detected_total_emission_185.7keV": 741955.5968520001,
    "core_activity_1001.0keV": 99856,
    "detected_core_emission_1001.0keV": 924.566704,
    "background_activity_1001.0keV": 2921846,
    "detected_background_emission_1001.0keV": 1284683.092972,
    "detected_total_emission_1001.0keV": 1285607.659676,
    "nr_in_batch": 30,
    "detected_DUcore_emission_185.7keV": 110.94068143059688,
    "detectedRadCase_DUcore_emission_185.7keV": 135.49312732097488,
    "detectedHE_DUcore_emission_185.7keV": 143.67727595110088,
    "detectedReflector_DUcore_emission_185.7keV": 1670.4756703934959,
    "detectedCore_DUcore_emission_185.7keV": 2306.1112139999486,
    "detected_DUcore_emission_1001.0keV": 11615.447980978255,
    "detectedRadCase_DUcore_emission_1001.0keV": 12719.411068056866,
    "detectedHE_DUcore_emission_1001.0keV": 13243.793534419205,
    "detectedReflector_DUcore_emission_1001.0keV": 51460.98840346786,
    "detectedCore_DUcore_emission_1001.0keV": 60441.979017553975
}