{
    "space_thickness": 5.429501835240384,
    "core_thickness": 6.768248000140087,
    "reflector_thickness": 1,
    "HE_thickness": 10,
    "gap_thickness": 3.4474409606039953,
    "radiationCase_thickness": 1.2664890103205577,
    "core_enrichment": 0.9162987040188411,
    "radiationCase_enrichment": 0.0034310681280263363,
    "core_mass": 12,
    "radiationCase_mass": 145.15,
    "core_activity_185.7keV": 502775740,
    "detected_core_emission_185.7keV": 38713.73198,
    "background_activity_185.7keV": 27090469,
    "detected_background_emission_185.7keV": 6522301.31644,
    "detected_total_emission_185.7keV": 6561015.04842,
    "core_activity_1001.0keV": 105178,
    "detected_core_emission_1001.0keV": 791.674806,
    "background_activity_1001.0keV": 18019781,
    "detected_background_emission_1001.0keV": 6608682.602626,
    "detected_total_emission_1001.0keV": 6609474.277431999,
    "nr_in_batch": 20,
    "detected_DUcore_emission_185.7keV": 144.96304677597806,
    "detectedRadCase_DUcore_emission_185.7keV": 184.49842316942662,
    "detectedHE_DUcore_emission_185.7keV": 289.9260935519561,
    "detectedReflector_DUcore_emission_185.7keV": 3392.51182195211,
    "detectedCore_DUcore_emission_185.7keV": 4695.296605964796,
    "detected_DUcore_emission_1001.0keV": 9425.870767179344,
    "detectedRadCase_DUcore_emission_1001.0keV": 10336.274387179263,
    "detectedHE_DUcore_emission_1001.0keV": 12986.087399448626,
    "detectedReflector_DUcore_emission_1001.0keV": 50604.41579669421,
    "detectedCore_DUcore_emission_1001.0keV": 59389.12197867416
}