{
    "space_thickness": 6.427858683462815,
    "core_thickness": 7.462456224414089,
    "reflector_thickness": 1,
    "HE_thickness": 10,
    "gap_thickness": 0.8390942472497731,
    "radiationCase_thickness": 1.9861679551772096,
    "core_enrichment": 0.9166322349321596,
    "radiationCase_enrichment": 0.006679947516479504,
    "core_mass": 12,
    "radiationCase_mass": 196.5,
    "core_activity_185.7keV": 502958749,
    "detected_core_emission_185.7keV": 25147.93745,
    "background_activity_185.7keV": 97598672,
    "detected_background_emission_185.7keV": 19880263.894368,
    "detected_total_emission_185.7keV": 19905411.831818,
    "core_activity_1001.0keV": 104759,
    "detected_core_emission_1001.0keV": 605.926056,
    "background_activity_1001.0keV": 33236482,
    "detected_background_emission_1001.0keV": 10880859.767714,
    "detected_total_emission_1001.0keV": 10881465.693769999,
    "nr_in_batch": 54,
    "detected_DUcore_emission_185.7keV": 183.26532278560285,
    "detectedRadCase_DUcore_emission_185.7keV": 223.58369379843546,
    "detectedHE_DUcore_emission_185.7keV": 480.15514569827945,
    "detectedReflector_DUcore_emission_185.7keV": 5849.829103316442,
    "detectedCore_DUcore_emission_185.7keV": 8188.294622060735,
    "detected_DUcore_emission_1001.0keV": 7219.543014267412,
    "detectedRadCase_DUcore_emission_1001.0keV": 7871.0992821525415,
    "detectedHE_DUcore_emission_1001.0keV": 11273.67090333044,
    "detectedReflector_DUcore_emission_1001.0keV": 44687.77299391457,
    "detectedCore_DUcore_emission_1001.0keV": 52686.18786864237
}