{
    "space_thickness": 6.5214591485629265,
    "core_thickness": 7.532263312046278,
    "reflector_thickness": 1,
    "HE_thickness": 10,
    "gap_thickness": 4.989382733079602,
    "radiationCase_thickness": 0.7158713917008248,
    "core_enrichment": 0.9560198356610603,
    "radiationCase_enrichment": 0.0017216977216812594,
    "core_mass": 12,
    "radiationCase_mass": 97.99,
    "core_activity_185.7keV": 524570839,
    "detected_core_emission_185.7keV": 42490.237959,
    "background_activity_185.7keV": 8735462,
    "detected_background_emission_185.7keV": 2395499.537874,
    "detected_total_emission_185.7keV": 2437989.775833,
    "core_activity_1001.0keV": 55265,
    "detected_core_emission_1001.0keV": 394.14998,
    "background_activity_1001.0keV": 11599401,
    "detected_background_emission_1001.0keV": 4575708.507678,
    "detected_total_emission_1001.0keV": 4576102.6576580005,
    "nr_in_batch": 23,
    "detected_DUcore_emission_185.7keV": 76.52074068517517,
    "detectedRadCase_DUcore_emission_185.7keV": 90.69124821946687,
    "detectedHE_DUcore_emission_185.7keV": 122.81106529719472,
    "detectedReflector_DUcore_emission_185.7keV": 1496.4055956212035,
    "detectedCore_DUcore_emission_185.7keV": 2092.5116125637405,
    "detected_DUcore_emission_1001.0keV": 8946.541636660933,
    "detectedRadCase_DUcore_emission_1001.0keV": 9776.9693656948,
    "detectedHE_DUcore_emission_1001.0keV": 11191.95800368604,
    "detectedReflector_DUcore_emission_1001.0keV": 44427.88350331187,
    "detectedCore_DUcore_emission_1001.0keV": 52406.01093028376
}