{
    "space_thickness": 5.845105918066962,
    "core_thickness": 7.045207639139492,
    "reflector_thickness": 1,
    "HE_thickness": 10,
    "gap_thickness": 3.6452580947484585,
    "radiationCase_thickness": 0.8151589515127224,
    "core_enrichment": 0.9162739983551139,
    "radiationCase_enrichment": 0.0015356724134332213,
    "core_mass": 12,
    "radiationCase_mass": 95.55,
    "core_activity_185.7keV": 502762184,
    "detected_core_emission_185.7keV": 42734.78564,
    "background_activity_185.7keV": 8111816,
    "detected_background_emission_185.7keV": 2177909.030576,
    "detected_total_emission_185.7keV": 2220643.816216,
    "core_activity_1001.0keV": 105209,
    "detected_core_emission_1001.0keV": 807.058239,
    "background_activity_1001.0keV": 12078334,
    "detected_background_emission_1001.0keV": 4727302.909258,
    "detected_total_emission_1001.0keV": 4728109.967497,
    "nr_in_batch": 41,
    "detected_DUcore_emission_185.7keV": 71.62336975537863,
    "detectedRadCase_DUcore_emission_185.7keV": 88.47592734487948,
    "detectedHE_DUcore_emission_185.7keV": 124.70892616230633,
    "detectedReflector_DUcore_emission_185.7keV": 1443.4215575407482,
    "detectedCore_DUcore_emission_185.7keV": 2009.6674925479767,
    "detected_DUcore_emission_1001.0keV": 9624.468540286774,
    "detectedRadCase_DUcore_emission_1001.0keV": 10575.498021910731,
    "detectedHE_DUcore_emission_1001.0keV": 12255.482818605293,
    "detectedReflector_DUcore_emission_1001.0keV": 48225.22451870717,
    "detectedCore_DUcore_emission_1001.0keV": 56666.55216035095
}