{
    "space_thickness": 6.605277780943061,
    "core_thickness": 7.59537578631388,
    "reflector_thickness": 1,
    "HE_thickness": 10,
    "gap_thickness": 4.426041391172842,
    "radiationCase_thickness": 0.2919787648611519,
    "core_enrichment": 0.9096807144328962,
    "radiationCase_enrichment": 0.002752594056537062,
    "core_mass": 12,
    "radiationCase_mass": 37.61,
    "core_activity_185.7keV": 499144430,
    "detected_core_emission_185.7keV": 46420.43199,
    "background_activity_185.7keV": 5666806,
    "detected_background_emission_185.7keV": 1759713.26718,
    "detected_total_emission_185.7keV": 1806133.69917,
    "core_activity_1001.0keV": 113494,
    "detected_core_emission_1001.0keV": 861.078978,
    "background_activity_1001.0keV": 4701691,
    "detected_background_emission_1001.0keV": 2002628.861158,
    "detected_total_emission_1001.0keV": 2003489.940136,
    "nr_in_batch": 13,
    "detected_DUcore_emission_185.7keV": 140.46313520661218,
    "detectedRadCase_DUcore_emission_185.7keV": 173.69097364258494,
    "detectedHE_DUcore_emission_185.7keV": 193.32560544565976,
    "detectedReflector_DUcore_emission_185.7keV": 2365.2179541242435,
    "detectedCore_DUcore_emission_185.7keV": 3309.1906369643793,
    "detected_DUcore_emission_1001.0keV": 9507.475622528378,
    "detectedRadCase_DUcore_emission_1001.0keV": 10478.649157187596,
    "detectedHE_DUcore_emission_1001.0keV": 11043.809498002187,
    "detectedReflector_DUcore_emission_1001.0keV": 43890.77813088921,
    "detectedCore_DUcore_emission_1001.0keV": 51830.59169940638
}