{
    "space_thickness": 6.258088496898877,
    "core_thickness": 7.33772102278894,
    "reflector_thickness": 1,
    "HE_thickness": 10,
    "gap_thickness": 0.5354674163168255,
    "radiationCase_thickness": 1.1263297120418614,
    "core_enrichment": 0.980637880514338,
    "radiationCase_enrichment": 0.006602955527256505,
    "core_mass": 12,
    "radiationCase_mass": 102.16,
    "core_activity_185.7keV": 538078832,
    "detected_core_emission_185.7keV": 38741.675904,
    "background_activity_185.7keV": 51672745,
    "detected_background_emission_185.7keV": 12770660.563025,
    "detected_total_emission_185.7keV": 12809402.238929,
    "core_activity_1001.0keV": 24330,
    "detected_core_emission_1001.0keV": 167.3904,
    "background_activity_1001.0keV": 17803320,
    "detected_background_emission_1001.0keV": 6598266.4584,
    "detected_total_emission_1001.0keV": 6598433.8488,
    "nr_in_batch": 33,
    "detected_DUcore_emission_185.7keV": 260.86037251058,
    "detectedRadCase_DUcore_emission_185.7keV": 315.20628345028416,
    "detectedHE_DUcore_emission_185.7keV": 496.35931991596476,
    "detectedReflector_DUcore_emission_185.7keV": 5891.0967458639325,
    "detectedCore_DUcore_emission_185.7keV": 8260.578462835034,
    "detected_DUcore_emission_1001.0keV": 8588.227158159783,
    "detectedRadCase_DUcore_emission_1001.0keV": 9340.945323329894,
    "detectedHE_DUcore_emission_1001.0keV": 11562.899442737511,
    "detectedReflector_DUcore_emission_1001.0keV": 45683.62635278686,
    "detectedCore_DUcore_emission_1001.0keV": 53710.1235369391
}