{
    "space_thickness": 6.221239828839752,
    "core_thickness": 7.310978223127425,
    "reflector_thickness": 1,
    "HE_thickness": 10,
    "gap_thickness": 0.29447868843629266,
    "radiationCase_thickness": 1.78813713310893,
    "core_enrichment": 0.9233985161462512,
    "radiationCase_enrichment": 0.0039846636892793864,
    "core_mass": 12,
    "radiationCase_mass": 163.3,
    "core_activity_185.7keV": 506671427,
    "detected_core_emission_185.7keV": 27866.928485,
    "background_activity_185.7keV": 50575077,
    "detected_background_emission_185.7keV": 10758431.529594,
    "detected_total_emission_185.7keV": 10786298.458079001,
    "core_activity_1001.0keV": 96256,
    "detected_core_emission_1001.0keV": 594.3808,
    "background_activity_1001.0keV": 28951155,
    "detected_background_emission_1001.0keV": 9755178.530715,
    "detected_total_emission_1001.0keV": 9755772.911515,
    "nr_in_batch": 18,
    "detected_DUcore_emission_185.7keV": 120.25180481537521,
    "detectedRadCase_DUcore_emission_185.7keV": 150.86135513201617,
    "detectedHE_DUcore_emission_185.7keV": 299.5363138128437,
    "detectedReflector_DUcore_emission_185.7keV": 3576.944594144615,
    "detectedCore_DUcore_emission_185.7keV": 5013.407062575552,
    "detected_DUcore_emission_1001.0keV": 7728.4999546766485,
    "detectedRadCase_DUcore_emission_1001.0keV": 8405.604161232124,
    "detectedHE_DUcore_emission_1001.0keV": 11660.96098424653,
    "detectedReflector_DUcore_emission_1001.0keV": 45974.24920407082,
    "detectedCore_DUcore_emission_1001.0keV": 54091.99020909636
}