{
    "space_thickness": 5.6460663632711725,
    "core_thickness": 6.910246097114648,
    "reflector_thickness": 1,
    "HE_thickness": 10,
    "gap_thickness": 3.125236761631838,
    "radiationCase_thickness": 1.0455155888052319,
    "core_enrichment": 0.9558606947883136,
    "radiationCase_enrichment": 0.005686444363750449,
    "core_mass": 12,
    "radiationCase_mass": 116.65,
    "core_activity_185.7keV": 524483518,
    "detected_core_emission_185.7keV": 43532.131994,
    "background_activity_185.7keV": 37837130,
    "detected_background_emission_185.7keV": 9588950.34451,
    "detected_total_emission_185.7keV": 9632482.476504,
    "core_activity_1001.0keV": 55465,
    "detected_core_emission_1001.0keV": 419.64819,
    "background_activity_1001.0keV": 15151504,
    "detected_background_emission_1001.0keV": 5730844.266944,
    "detected_total_emission_1001.0keV": 5731263.915134,
    "nr_in_batch": 45,
    "detected_DUcore_emission_185.7keV": 258.9739782179277,
    "detectedRadCase_DUcore_emission_185.7keV": 312.01684122641893,
    "detectedHE_DUcore_emission_185.7keV": 474.26559866415676,
    "detectedReflector_DUcore_emission_185.7keV": 5507.097247646294,
    "detectedCore_DUcore_emission_185.7keV": 7622.571431161414,
    "detected_DUcore_emission_1001.0keV": 9453.266870184661,
    "detectedRadCase_DUcore_emission_1001.0keV": 10399.093333405623,
    "detectedHE_DUcore_emission_1001.0keV": 12556.877087675899,
    "detectedReflector_DUcore_emission_1001.0keV": 49187.97384951491,
    "detectedCore_DUcore_emission_1001.0keV": 57746.6413172343
}