{
    "space_thickness": 6.789645877158541,
    "core_thickness": 7.736114232975698,
    "reflector_thickness": 1,
    "HE_thickness": 10,
    "gap_thickness": 0.24864820171616675,
    "radiationCase_thickness": 1.8712074560277825,
    "core_enrichment": 0.9902603122012819,
    "radiationCase_enrichment": 0.006105418801531032,
    "core_mass": 12,
    "radiationCase_mass": 178.35,
    "core_activity_185.7keV": 543358688,
    "detected_core_emission_185.7keV": 27167.9344,
    "background_activity_185.7keV": 87829824,
    "detected_background_emission_185.7keV": 18271677.43584,
    "detected_total_emission_185.7keV": 18298845.37024,
    "core_activity_1001.0keV": 12239,
    "detected_core_emission_1001.0keV": 69.02796,
    "background_activity_1001.0keV": 32743255,
    "detected_background_emission_1001.0keV": 10833007.686985,
    "detected_total_emission_1001.0keV": 10833076.714945,
    "nr_in_batch": 7,
    "detected_DUcore_emission_185.7keV": 167.50304469361566,
    "detectedRadCase_DUcore_emission_185.7keV": 201.00365363233882,
    "detectedHE_DUcore_emission_185.7keV": 412.0574899462946,
    "detectedReflector_DUcore_emission_185.7keV": 5162.4438374572355,
    "detectedCore_DUcore_emission_185.7keV": 7192.580739143857,
    "detected_DUcore_emission_1001.0keV": 7043.875122534758,
    "detectedRadCase_DUcore_emission_1001.0keV": 7659.58973874214,
    "detectedHE_DUcore_emission_1001.0keV": 10735.664991721414,
    "detectedReflector_DUcore_emission_1001.0keV": 42804.03050968684,
    "detectedCore_DUcore_emission_1001.0keV": 50619.73450203125
}