{
    "space_thickness": 6.693468394111958,
    "core_thickness": 7.66237447869857,
    "reflector_thickness": 1,
    "HE_thickness": 10,
    "gap_thickness": 0.40218585255537287,
    "radiationCase_thickness": 1.918045155890163,
    "core_enrichment": 0.9592259527318377,
    "radiationCase_enrichment": 0.005998860741898733,
    "core_mass": 12,
    "radiationCase_mass": 184.72,
    "core_activity_185.7keV": 526330045,
    "detected_core_emission_185.7keV": 26316.50225,
    "background_activity_185.7keV": 87482538,
    "detected_background_emission_185.7keV": 18035400.03408,
    "detected_total_emission_185.7keV": 18061716.53633,
    "core_activity_1001.0keV": 51236,
    "detected_core_emission_1001.0keV": 290.149468,
    "background_activity_1001.0keV": 33196665,
    "detected_background_emission_1001.0keV": 10928375.314665,
    "detected_total_emission_1001.0keV": 10928665.464133,
    "nr_in_batch": 46,
    "detected_DUcore_emission_185.7keV": 164.5796089711427,
    "detectedRadCase_DUcore_emission_185.7keV": 197.49553076537123,
    "detectedHE_DUcore_emission_185.7keV": 418.03220678670243,
    "detectedReflector_DUcore_emission_185.7keV": 5108.551062464269,
    "detectedCore_DUcore_emission_185.7keV": 7162.504582424131,
    "detected_DUcore_emission_1001.0keV": 7073.358417314443,
    "detectedRadCase_DUcore_emission_1001.0keV": 7695.384285550818,
    "detectedHE_DUcore_emission_1001.0keV": 10871.713166926525,
    "detectedReflector_DUcore_emission_1001.0keV": 43290.75214298098,
    "detectedCore_DUcore_emission_1001.0keV": 51159.75409054958
}