{
    "space_thickness": 5.25719496969631,
    "core_thickness": 6.659094544949193,
    "reflector_thickness": 1,
    "HE_thickness": 10,
    "gap_thickness": 0.39398416493992283,
    "radiationCase_thickness": 0.3277600875209623,
    "core_enrichment": 0.9067776099716461,
    "radiationCase_enrichment": 0.003514452174616241,
    "core_mass": 12,
    "radiationCase_mass": 26.11,
    "core_activity_185.7keV": 497551488,
    "detected_core_emission_185.7keV": 59208.627072,
    "background_activity_185.7keV": 6734389,
    "detected_background_emission_185.7keV": 2089364.390417,
    "detected_total_emission_185.7keV": 2148573.017489,
    "core_activity_1001.0keV": 117142,
    "detected_core_emission_1001.0keV": 1070.67788,
    "background_activity_1001.0keV": 4372870,
    "detected_background_emission_1001.0keV": 1881256.77557,
    "detected_total_emission_1001.0keV": 1882327.4534500001,
    "nr_in_batch": 16,
    "detected_DUcore_emission_185.7keV": 229.478414500093,
    "detectedRadCase_DUcore_emission_185.7keV": 285.4017255967544,
    "detectedHE_DUcore_emission_185.7keV": 304.6856259749134,
    "detectedReflector_DUcore_emission_185.7keV": 3559.8080098081655,
    "detectedCore_DUcore_emission_185.7keV": 4919.322986468381,
    "detected_DUcore_emission_1001.0keV": 11444.831983342157,
    "detectedRadCase_DUcore_emission_1001.0keV": 12526.706691614325,
    "detectedHE_DUcore_emission_1001.0keV": 13309.31281738991,
    "detectedReflector_DUcore_emission_1001.0keV": 51628.21307496504,
    "detectedCore_DUcore_emission_1001.0keV": 60655.10517211095
}