{
    "space_thickness": 5.0563947261969435,
    "core_thickness": 6.536414479973804,
    "reflector_thickness": 1,
    "HE_thickness": 10,
    "gap_thickness": 4.6741306546933075,
    "radiationCase_thickness": 0.7771304575529512,
    "core_enrichment": 0.9440739416510738,
    "radiationCase_enrichment": 0.0059558579298368206,
    "core_mass": 12,
    "radiationCase_mass": 95.27,
    "core_activity_185.7keV": 518016093,
    "detected_core_emission_185.7keV": 54391.689765,
    "background_activity_185.7keV": 26830630,
    "detected_background_emission_185.7keV": 7323822.91795,
    "detected_total_emission_185.7keV": 7378214.6077149995,
    "core_activity_1001.0keV": 70276,
    "detected_core_emission_1001.0keV": 609.784852,
    "background_activity_1001.0keV": 10255272,
    "detected_background_emission_1001.0keV": 4080839.365872,
    "detected_total_emission_1001.0keV": 4081449.150724,
    "nr_in_batch": 15,
    "detected_DUcore_emission_185.7keV": 343.13962331236553,
    "detectedRadCase_DUcore_emission_185.7keV": 405.23155514984126,
    "detectedHE_DUcore_emission_185.7keV": 526.1474224122938,
    "detectedReflector_DUcore_emission_185.7keV": 6205.925187335069,
    "detectedCore_DUcore_emission_185.7keV": 8549.07861509665,
    "detected_DUcore_emission_1001.0keV": 10838.457749590325,
    "detectedRadCase_DUcore_emission_1001.0keV": 11836.490219559515,
    "detectedHE_DUcore_emission_1001.0keV": 13663.926394234015,
    "detectedReflector_DUcore_emission_1001.0keV": 52760.817896156004,
    "detectedCore_DUcore_emission_1001.0keV": 61985.435907072744
}