{
    "space_thickness": 6.103569121676444,
    "core_thickness": 7.226398755824564,
    "reflector_thickness": 1,
    "HE_thickness": 10,
    "gap_thickness": 2.05081668057064,
    "radiationCase_thickness": 1.7649791136073263,
    "core_enrichment": 0.9510904272339026,
    "radiationCase_enrichment": 0.0023646176823717293,
    "core_mass": 12,
    "radiationCase_mass": 189.78,
    "core_activity_185.7keV": 521866059,
    "detected_core_emission_185.7keV": 29224.499304,
    "background_activity_185.7keV": 29127782,
    "detected_background_emission_185.7keV": 6233024.942398,
    "detected_total_emission_185.7keV": 6262249.441702,
    "core_activity_1001.0keV": 61459,
    "detected_core_emission_1001.0keV": 386.515651,
    "background_activity_1001.0keV": 28143188,
    "detected_background_emission_1001.0keV": 9528439.16116,
    "detected_total_emission_1001.0keV": 9528825.676811,
    "nr_in_batch": 47,
    "detected_DUcore_emission_185.7keV": 72.65846211604979,
    "detectedRadCase_DUcore_emission_185.7keV": 90.82307764506224,
    "detectedHE_DUcore_emission_185.7keV": 180.34868275233788,
    "detectedReflector_DUcore_emission_185.7keV": 2157.6968303391213,
    "detectedCore_DUcore_emission_185.7keV": 3014.0287052782796,
    "detected_DUcore_emission_1001.0keV": 7883.982641900018,
    "detectedRadCase_DUcore_emission_1001.0keV": 8587.260470188445,
    "detectedHE_DUcore_emission_1001.0keV": 11849.16583419287,
    "detectedReflector_DUcore_emission_1001.0keV": 46724.725875162585,
    "detectedCore_DUcore_emission_1001.0keV": 54909.57603718599
}