{
    "space_thickness": 5.053915668195681,
    "core_thickness": 6.5349313641732465,
    "reflector_thickness": 1,
    "HE_thickness": 10,
    "gap_thickness": 0.35983742158539556,
    "radiationCase_thickness": 0.5517269016277739,
    "core_enrichment": 0.9734652402749886,
    "radiationCase_enrichment": 0.005276056254540506,
    "core_mass": 12,
    "radiationCase_mass": 43.73,
    "core_activity_185.7keV": 534143183,
    "detected_core_emission_185.7keV": 60358.179679,
    "background_activity_185.7keV": 16702647,
    "detected_background_emission_185.7keV": 4850999.876151,
    "detected_total_emission_185.7keV": 4911358.05583,
    "core_activity_1001.0keV": 33343,
    "detected_core_emission_1001.0keV": 301.42072,
    "background_activity_1001.0keV": 7211630,
    "detected_background_emission_1001.0keV": 2983379.2147,
    "detected_total_emission_1001.0keV": 2983680.6354199997,
    "nr_in_batch": 15,
    "detected_DUcore_emission_185.7keV": 327.13356194967184,
    "detectedRadCase_DUcore_emission_185.7keV": 402.4032310708353,
    "detectedHE_DUcore_emission_185.7keV": 468.98793837032605,
    "detectedReflector_DUcore_emission_185.7keV": 5500.475820392712,
    "detectedCore_DUcore_emission_185.7keV": 7581.97167032027,
    "detected_DUcore_emission_1001.0keV": 11299.603995515688,
    "detectedRadCase_DUcore_emission_1001.0keV": 12368.316541551741,
    "detectedHE_DUcore_emission_1001.0keV": 13678.270633067275,
    "detectedReflector_DUcore_emission_1001.0keV": 52816.89898567648,
    "detectedCore_DUcore_emission_1001.0keV": 62039.07578644138
}