{
    "space_thickness": 5.271813498594586,
    "core_thickness": 6.668218720224451,
    "reflector_thickness": 1,
    "HE_thickness": 10,
    "gap_thickness": 2.8063151669856095,
    "radiationCase_thickness": 1.2971978017334063,
    "core_enrichment": 0.9780687382978073,
    "radiationCase_enrichment": 0.002257574721395269,
    "core_mass": 12,
    "radiationCase_mass": 138.96,
    "core_activity_185.7keV": 536669136,
    "detected_core_emission_185.7keV": 42396.861744,
    "background_activity_185.7keV": 17888028,
    "detected_background_emission_185.7keV": 4281839.374332,
    "detected_total_emission_185.7keV": 4324236.236075999,
    "core_activity_1001.0keV": 27559,
    "detected_core_emission_1001.0keV": 211.074381,
    "background_activity_1001.0keV": 18104801,
    "detected_background_emission_1001.0keV": 6623460.39784,
    "detected_total_emission_1001.0keV": 6623671.472221,
    "nr_in_batch": 40,
    "detected_DUcore_emission_185.7keV": 97.8602827691869,
    "detectedRadCase_DUcore_emission_185.7keV": 125.11251341377059,
    "detectedHE_DUcore_emission_185.7keV": 195.7205655383738,
    "detectedReflector_DUcore_emission_185.7keV": 2281.7549476055983,
    "detectedCore_DUcore_emission_185.7keV": 3152.587590475704,
    "detected_DUcore_emission_1001.0keV": 9602.464937975417,
    "detectedRadCase_DUcore_emission_1001.0keV": 10535.254324821444,
    "detectedHE_DUcore_emission_1001.0keV": 13301.025006786946,
    "detectedReflector_DUcore_emission_1001.0keV": 51596.7935836846,
    "detectedCore_DUcore_emission_1001.0keV": 60637.57889087102
}