{
    "space_thickness": 5.389256243636534,
    "core_thickness": 6.742442068229218,
    "reflector_thickness": 1,
    "HE_thickness": 10,
    "gap_thickness": 2.090583561238619,
    "radiationCase_thickness": 1.8126475882227426,
    "core_enrichment": 0.9110692895494722,
    "radiationCase_enrichment": 0.0056005144242801085,
    "core_mass": 12,
    "radiationCase_mass": 187.25,
    "core_activity_185.7keV": 499906345,
    "detected_core_emission_185.7keV": 32993.81877,
    "background_activity_185.7keV": 64408581,
    "detected_background_emission_185.7keV": 13730106.028932,
    "detected_total_emission_185.7keV": 13763099.847702,
    "core_activity_1001.0keV": 111749,
    "detected_core_emission_1001.0keV": 767.71563,
    "background_activity_1001.0keV": 26189770,
    "detected_background_emission_1001.0keV": 8893338.76821,
    "detected_total_emission_1001.0keV": 8894106.48384,
    "nr_in_batch": 2,
    "detected_DUcore_emission_185.7keV": 202.81921484902642,
    "detectedRadCase_DUcore_emission_185.7keV": 236.62241732386417,
    "detectedHE_DUcore_emission_185.7keV": 473.24483464772834,
    "detectedReflector_DUcore_emission_185.7keV": 5577.528408348227,
    "detectedCore_DUcore_emission_185.7keV": 7707.130164263003,
    "detected_DUcore_emission_1001.0keV": 8584.398089177383,
    "detectedRadCase_DUcore_emission_1001.0keV": 9387.857764772878,
    "detectedHE_DUcore_emission_1001.0keV": 13027.792500402242,
    "detectedReflector_DUcore_emission_1001.0keV": 50724.171183706945,
    "detectedCore_DUcore_emission_1001.0keV": 59540.985291019264
}