{
    "space_thickness": 5.973318696580149,
    "core_thickness": 7.134279549369775,
    "reflector_thickness": 1,
    "HE_thickness": 10,
    "gap_thickness": 2.2749224761620637,
    "radiationCase_thickness": 1.3203544556548839,
    "core_enrichment": 0.959909609430363,
    "radiationCase_enrichment": 0.0041729903554200256,
    "core_mass": 12,
    "radiationCase_mass": 140.73,
    "core_activity_185.7keV": 526705169,
    "detected_core_emission_185.7keV": 36869.36183,
    "background_activity_185.7keV": 37103424,
    "detected_background_emission_185.7keV": 8779523.497152,
    "detected_total_emission_185.7keV": 8816392.858982,
    "core_activity_1001.0keV": 50377,
    "detected_core_emission_1001.0keV": 348.004316,
    "background_activity_1001.0keV": 20277083,
    "detected_background_emission_1001.0keV": 7323859.331687,
    "detected_total_emission_1001.0keV": 7324207.336003,
    "nr_in_batch": 24,
    "detected_DUcore_emission_185.7keV": 160.28122849959627,
    "detectedRadCase_DUcore_emission_185.7keV": 192.33747419951553,
    "detectedHE_DUcore_emission_185.7keV": 327.4316525063181,
    "detectedReflector_DUcore_emission_185.7keV": 3865.0673386759786,
    "detectedCore_DUcore_emission_185.7keV": 5385.449277586435,
    "detected_DUcore_emission_1001.0keV": 8644.272548812412,
    "detectedRadCase_DUcore_emission_1001.0keV": 9432.618192378108,
    "detectedHE_DUcore_emission_1001.0keV": 12019.142708648411,
    "detectedReflector_DUcore_emission_1001.0keV": 47380.82452058963,
    "detectedCore_DUcore_emission_1001.0keV": 55653.44840886393
}