{
    "space_thickness": 6.815824731370363,
    "core_thickness": 7.75630438618852,
    "reflector_thickness": 1,
    "HE_thickness": 10,
    "gap_thickness": 2.353008615274045,
    "radiationCase_thickness": 1.684278890056418,
    "core_enrichment": 0.9121961337084155,
    "radiationCase_enrichment": 0.0038927607497338665,
    "core_mass": 12,
    "radiationCase_mass": 194.89,
    "core_activity_185.7keV": 500524648,
    "detected_core_emission_185.7keV": 28529.904936,
    "background_activity_185.7keV": 50222144,
    "detected_background_emission_185.7keV": 10866565.29728,
    "detected_total_emission_185.7keV": 10895095.202216001,
    "core_activity_1001.0keV": 110333,
    "detected_core_emission_1001.0keV": 641.03473,
    "background_activity_1001.0keV": 29430566,
    "detected_background_emission_1001.0keV": 9984731.543424,
    "detected_total_emission_1001.0keV": 9985372.578154,
    "nr_in_batch": 21,
    "detected_DUcore_emission_185.7keV": 121.75023547213706,
    "detectedRadCase_DUcore_emission_185.7keV": 145.24589494921617,
    "detectedHE_DUcore_emission_185.7keV": 262.7241923346116,
    "detectedReflector_DUcore_emission_185.7keV": 3280.8484506175882,
    "detectedCore_DUcore_emission_185.7keV": 4579.51762898705,
    "detected_DUcore_emission_1001.0keV": 7272.3446033061655,
    "detectedRadCase_DUcore_emission_1001.0keV": 7898.191815294648,
    "detectedHE_DUcore_emission_1001.0keV": 10727.021213482587,
    "detectedReflector_DUcore_emission_1001.0keV": 42779.160328260725,
    "detectedCore_DUcore_emission_1001.0keV": 50588.48183945301
}