{
    "space_thickness": 6.686093298434577,
    "core_thickness": 7.6567486870986805,
    "reflector_thickness": 1,
    "HE_thickness": 10,
    "gap_thickness": 4.31779755374452,
    "radiationCase_thickness": 1.5711028900464965,
    "core_enrichment": 0.9480982453870712,
    "radiationCase_enrichment": 0.006586993742143776,
    "core_mass": 12,
    "radiationCase_mass": 212.96,
    "core_activity_185.7keV": 520224240,
    "detected_core_emission_185.7keV": 29132.55744,
    "background_activity_185.7keV": 77561706,
    "detected_background_emission_185.7keV": 17215906.510584,
    "detected_total_emission_185.7keV": 17245039.068024002,
    "core_activity_1001.0keV": 65219,
    "detected_core_emission_1001.0keV": 391.96619,
    "background_activity_1001.0keV": 26788286,
    "detected_background_emission_1001.0keV": 9248762.894644,
    "detected_total_emission_1001.0keV": 9249154.860833999,
    "nr_in_batch": 51,
    "detected_DUcore_emission_185.7keV": 202.40093730169963,
    "detectedRadCase_DUcore_emission_185.7keV": 253.00117162712453,
    "detectedHE_DUcore_emission_185.7keV": 459.0164113806402,
    "detectedReflector_DUcore_emission_185.7keV": 5620.24031257398,
    "detectedCore_DUcore_emission_185.7keV": 7864.722135151757,
    "detected_DUcore_emission_1001.0keV": 7502.336419787551,
    "detectedRadCase_DUcore_emission_1001.0keV": 8197.64447067302,
    "detectedHE_DUcore_emission_1001.0keV": 10874.018727582255,
    "detectedReflector_DUcore_emission_1001.0keV": 43300.09041483707,
    "detectedCore_DUcore_emission_1001.0keV": 51166.93303006189
}