{
    "space_thickness": 5.650838107245579,
    "core_thickness": 6.913432852927001,
    "reflector_thickness": 1,
    "HE_thickness": 10,
    "gap_thickness": 4.068603277380457,
    "radiationCase_thickness": 0.21947091567082164,
    "core_enrichment": 0.9125562647634312,
    "radiationCase_enrichment": 0.006952193432953014,
    "core_mass": 12,
    "radiationCase_mass": 25.71,
    "core_activity_185.7keV": 500722253,
    "detected_core_emission_185.7keV": 56581.614589,
    "background_activity_185.7keV": 9385225,
    "detected_background_emission_185.7keV": 3004951.955275,
    "detected_total_emission_185.7keV": 3061533.569864,
    "core_activity_1001.0keV": 109881,
    "detected_core_emission_1001.0keV": 967.282443,
    "background_activity_1001.0keV": 3070068,
    "detected_background_emission_1001.0keV": 1343262.20238,
    "detected_total_emission_1001.0keV": 1344229.484823,
    "nr_in_batch": 22,
    "detected_DUcore_emission_185.7keV": 431.05980894874017,
    "detectedRadCase_DUcore_emission_185.7keV": 545.5004661917685,
    "detectedHE_DUcore_emission_185.7keV": 579.832663364677,
    "detectedReflector_DUcore_emission_185.7keV": 6732.925334464836,
    "detectedCore_DUcore_emission_185.7keV": 9315.46949958251,
    "detected_DUcore_emission_1001.0keV": 10984.823406163183,
    "detectedRadCase_DUcore_emission_1001.0keV": 12024.282442552361,
    "detectedHE_DUcore_emission_1001.0keV": 12529.661685934854,
    "detectedReflector_DUcore_emission_1001.0keV": 49101.64900705613,
    "detectedCore_DUcore_emission_1001.0keV": 57639.43859526112
}