{
    "space_thickness": 5.716711562130932,
    "core_thickness": 6.957673892504484,
    "reflector_thickness": 1,
    "HE_thickness": 10,
    "gap_thickness": 4.004436411434135,
    "radiationCase_thickness": 1.1820468563357376,
    "core_enrichment": 0.9202721709579448,
    "radiationCase_enrichment": 0.002636205453777466,
    "core_mass": 12,
    "radiationCase_mass": 144.34,
    "core_activity_185.7keV": 504955993,
    "detected_core_emission_185.7keV": 38881.611461,
    "background_activity_185.7keV": 20140687,
    "detected_background_emission_185.7keV": 4933884.235077,
    "detected_total_emission_185.7keV": 4972765.846538,
    "core_activity_1001.0keV": 100185,
    "detected_core_emission_1001.0keV": 735.15753,
    "background_activity_1001.0keV": 17450328,
    "detected_background_emission_1001.0keV": 6457267.022136,
    "detected_total_emission_1001.0keV": 6458002.179666,
    "nr_in_batch": 29,
    "detected_DUcore_emission_185.7keV": 111.38000186748198,
    "detectedRadCase_DUcore_emission_185.7keV": 131.63091129793324,
    "detectedHE_DUcore_emission_185.7keV": 216.97402961197787,
    "detectedReflector_DUcore_emission_185.7keV": 2522.6847176219294,
    "detectedCore_DUcore_emission_185.7keV": 3501.9608379373226,
    "detected_DUcore_emission_1001.0keV": 9196.520163601885,
    "detectedRadCase_DUcore_emission_1001.0keV": 10066.291898889389,
    "detectedHE_DUcore_emission_1001.0keV": 12455.03098744556,
    "detectedReflector_DUcore_emission_1001.0keV": 48920.27365304387,
    "detectedCore_DUcore_emission_1001.0keV": 57481.38420599624
}