{
    "space_thickness": 6.709829199944452,
    "core_thickness": 7.674869398822821,
    "reflector_thickness": 1,
    "HE_thickness": 10,
    "gap_thickness": 4.92715528969398,
    "radiationCase_thickness": 1.3440109797882236,
    "core_enrichment": 0.9352171609422948,
    "radiationCase_enrichment": 0.00525044682656801,
    "core_mass": 12,
    "radiationCase_mass": 190.13,
    "core_activity_185.7keV": 513156352,
    "detected_core_emission_185.7keV": 32842.006528,
    "background_activity_185.7keV": 52593678,
    "detected_background_emission_185.7keV": 12301345.722132,
    "detected_total_emission_185.7keV": 12334187.728659999,
    "core_activity_1001.0keV": 81405,
    "detected_core_emission_1001.0keV": 506.99034,
    "background_activity_1001.0keV": 22819494,
    "detected_background_emission_1001.0keV": 8136655.697604,
    "detected_total_emission_1001.0keV": 8137162.687944,
    "nr_in_batch": 16,
    "detected_DUcore_emission_185.7keV": 184.37985964474097,
    "detectedRadCase_DUcore_emission_185.7keV": 218.9510833281299,
    "detectedHE_DUcore_emission_185.7keV": 365.87878398253287,
    "detectedReflector_DUcore_emission_185.7keV": 4465.449725771071,
    "detectedCore_DUcore_emission_185.7keV": 6260.2724220003465,
    "detected_DUcore_emission_1001.0keV": 7784.927597277827,
    "detectedRadCase_DUcore_emission_1001.0keV": 8498.670959199091,
    "detectedHE_DUcore_emission_1001.0keV": 10844.899138404371,
    "detectedReflector_DUcore_emission_1001.0keV": 43247.0977859053,
    "detectedCore_DUcore_emission_1001.0keV": 51104.52470891244
}