{
    "space_thickness": 6.713414337322643,
    "core_thickness": 7.677610112669983,
    "reflector_thickness": 1,
    "HE_thickness": 10,
    "gap_thickness": 0.15709196305262352,
    "radiationCase_thickness": 0.5156330041872398,
    "core_enrichment": 0.937282424988638,
    "radiationCase_enrichment": 0.003183397918255595,
    "core_mass": 12,
    "radiationCase_mass": 45.12,
    "core_activity_185.7keV": 514289568,
    "detected_core_emission_185.7keV": 44228.902848,
    "background_activity_185.7keV": 11851709,
    "detected_background_emission_185.7keV": 3434127.496422,
    "detected_total_emission_185.7keV": 3478356.3992700004,
    "core_activity_1001.0keV": 78810,
    "detected_core_emission_1001.0keV": 567.51081,
    "background_activity_1001.0keV": 8498853,
    "detected_background_emission_1001.0keV": 3465220.335984,
    "detected_total_emission_1001.0keV": 3465787.846794,
    "nr_in_batch": 19,
    "detected_DUcore_emission_185.7keV": 150.21960673199231,
    "detectedRadCase_DUcore_emission_185.7keV": 174.67396131627012,
    "detectedHE_DUcore_emission_185.7keV": 221.83593087166307,
    "detectedReflector_DUcore_emission_185.7keV": 2707.446400402187,
    "detectedCore_DUcore_emission_185.7keV": 3788.6782209498992,
    "detected_DUcore_emission_1001.0keV": 9019.870341399606,
    "detectedRadCase_DUcore_emission_1001.0keV": 9879.144199780407,
    "detectedHE_DUcore_emission_1001.0keV": 10862.424052300707,
    "detectedReflector_DUcore_emission_1001.0keV": 43320.679871865774,
    "detectedCore_DUcore_emission_1001.0keV": 51189.42386362696
}