{
    "space_thickness": 6.882696088227098,
    "core_thickness": 7.80810371244998,
    "reflector_thickness": 1,
    "HE_thickness": 10,
    "gap_thickness": 3.7206260927637613,
    "radiationCase_thickness": 1.1239113707830883,
    "core_enrichment": 0.9026921258748716,
    "radiationCase_enrichment": 0.006521181927163182,
    "core_mass": 12,
    "radiationCase_mass": 143.86,
    "core_activity_185.7keV": 495309771,
    "detected_core_emission_185.7keV": 33681.064428,
    "background_activity_185.7keV": 55446447,
    "detected_background_emission_185.7keV": 13648309.268391,
    "detected_total_emission_185.7keV": 13681990.332819,
    "core_activity_1001.0keV": 122276,
    "detected_core_emission_1001.0keV": 774.129356,
    "background_activity_1001.0keV": 19344655,
    "detected_background_emission_1001.0keV": 7116182.822265,
    "detected_total_emission_1001.0keV": 7116956.951621,
    "nr_in_batch": 5,
    "detected_DUcore_emission_185.7keV": 243.31700970891296,
    "detectedRadCase_DUcore_emission_185.7keV": 293.411688178395,
    "detectedHE_DUcore_emission_185.7keV": 436.53934094834386,
    "detectedReflector_DUcore_emission_185.7keV": 5446.007187896552,
    "detectedCore_DUcore_emission_185.7keV": 7635.860275276768,
    "detected_DUcore_emission_1001.0keV": 7903.567135334135,
    "detectedRadCase_DUcore_emission_1001.0keV": 8627.634255614312,
    "detectedHE_DUcore_emission_1001.0keV": 10595.099396237689,
    "detectedReflector_DUcore_emission_1001.0keV": 42327.96513830977,
    "detectedCore_DUcore_emission_1001.0keV": 50044.273535640416
}