{
    "space_thickness": 6.147786932639134,
    "core_thickness": 7.258033462054241,
    "reflector_thickness": 1,
    "HE_thickness": 10,
    "gap_thickness": 3.691502179233337,
    "radiationCase_thickness": 1.8507627213860973,
    "core_enrichment": 0.9258586346873582,
    "radiationCase_enrichment": 0.004834539438892185,
    "core_mass": 12,
    "radiationCase_mass": 232.57,
    "core_activity_185.7keV": 508021301,
    "detected_core_emission_185.7keV": 27433.150254,
    "background_activity_185.7keV": 63039073,
    "detected_background_emission_185.7keV": 13243185.416767,
    "detected_total_emission_185.7keV": 13270618.567021,
    "core_activity_1001.0keV": 93165,
    "detected_core_emission_1001.0keV": 575.38704,
    "background_activity_1001.0keV": 29717001,
    "detected_background_emission_1001.0keV": 9938553.81444,
    "detected_total_emission_1001.0keV": 9939129.201480001,
    "nr_in_batch": 4,
    "detected_DUcore_emission_185.7keV": 143.24718912696926,
    "detectedRadCase_DUcore_emission_185.7keV": 180.38534927099832,
    "detectedHE_DUcore_emission_185.7keV": 371.38160144029064,
    "detectedReflector_DUcore_emission_185.7keV": 4384.955622720003,
    "detectedCore_DUcore_emission_185.7keV": 6133.101875213943,
    "detected_DUcore_emission_1001.0keV": 7723.155923951382,
    "detectedRadCase_DUcore_emission_1001.0keV": 8389.678285911565,
    "detectedHE_DUcore_emission_1001.0keV": 11747.30031567346,
    "detectedReflector_DUcore_emission_1001.0keV": 46351.440653688784,
    "detectedCore_DUcore_emission_1001.0keV": 54508.52389396321
}