{
    "space_thickness": 6.101279296775056,
    "core_thickness": 7.224765473041942,
    "reflector_thickness": 1,
    "HE_thickness": 10,
    "gap_thickness": 3.604545534488119,
    "radiationCase_thickness": 1.0478077951350235,
    "core_enrichment": 0.9059664853274656,
    "radiationCase_enrichment": 0.0035549040373695933,
    "core_mass": 12,
    "radiationCase_mass": 125.69,
    "core_activity_185.7keV": 497106422,
    "detected_core_emission_185.7keV": 37282.98165,
    "background_activity_185.7keV": 25247830,
    "detected_background_emission_185.7keV": 6371188.90918,
    "detected_total_emission_185.7keV": 6408471.890830001,
    "core_activity_1001.0keV": 118161,
    "detected_core_emission_1001.0keV": 840.715515,
    "background_activity_1001.0keV": 16207071,
    "detected_background_emission_1001.0keV": 6090649.695942,
    "detected_total_emission_1001.0keV": 6091490.411456999,
    "nr_in_batch": 38,
    "detected_DUcore_emission_185.7keV": 146.29395686264306,
    "detectedRadCase_DUcore_emission_185.7keV": 173.60216214366974,
    "detectedHE_DUcore_emission_185.7keV": 271.1314667187651,
    "detectedReflector_DUcore_emission_185.7keV": 3247.725842350676,
    "detectedCore_DUcore_emission_185.7keV": 4531.2114905589315,
    "detected_DUcore_emission_1001.0keV": 8908.826471521637,
    "detectedRadCase_DUcore_emission_1001.0keV": 9751.502538328954,
    "detectedHE_DUcore_emission_1001.0keV": 11836.280623372317,
    "detectedReflector_DUcore_emission_1001.0keV": 46677.74308248139,
    "detectedCore_DUcore_emission_1001.0keV": 54859.08843243535
}