{
    "space_thickness": 5.5687344522539535,
    "core_thickness": 6.858944614683005,
    "reflector_thickness": 1,
    "HE_thickness": 10,
    "gap_thickness": 3.877522864337381,
    "radiationCase_thickness": 0.35693045670937407,
    "core_enrichment": 0.9803807538607505,
    "radiationCase_enrichment": 0.004004780449305742,
    "core_mass": 12,
    "radiationCase_mass": 41.14,
    "core_activity_185.7keV": 537937745,
    "detected_core_emission_185.7keV": 58635.214205,
    "background_activity_185.7keV": 8742184,
    "detected_background_emission_185.7keV": 2680580.911184,
    "detected_total_emission_185.7keV": 2739216.125389,
    "core_activity_1001.0keV": 24653,
    "detected_core_emission_1001.0keV": 213.642898,
    "background_activity_1001.0keV": 4979130,
    "detected_background_emission_1001.0keV": 2121238.83738,
    "detected_total_emission_1001.0keV": 2121452.480278,
    "nr_in_batch": 39,
    "detected_DUcore_emission_185.7keV": 239.52036871827937,
    "detectedRadCase_DUcore_emission_185.7keV": 309.83827513098527,
    "detectedHE_DUcore_emission_185.7keV": 334.0100554603529,
    "detectedReflector_DUcore_emission_185.7keV": 3896.0515021789847,
    "detectedCore_DUcore_emission_185.7keV": 5399.096751750572,
    "detected_DUcore_emission_1001.0keV": 10845.964031333197,
    "detectedRadCase_DUcore_emission_1001.0keV": 11918.545519315257,
    "detectedHE_DUcore_emission_1001.0keV": 12728.30073836356,
    "detectedReflector_DUcore_emission_1001.0keV": 49729.23318959073,
    "detectedCore_DUcore_emission_1001.0keV": 58349.93481061808
}