{
    "space_thickness": 6.3374598227531305,
    "core_thickness": 7.395729618362557,
    "reflector_thickness": 1,
    "HE_thickness": 10,
    "gap_thickness": 1.258142878097892,
    "radiationCase_thickness": 0.4278434385749656,
    "core_enrichment": 0.9889985618213264,
    "radiationCase_enrichment": 0.00543583825512081,
    "core_mass": 12,
    "radiationCase_mass": 40.54,
    "core_activity_185.7keV": 542666361,
    "detected_core_emission_185.7keV": 48297.306129,
    "background_activity_185.7keV": 15885533,
    "detected_background_emission_185.7keV": 4738718.036032,
    "detected_total_emission_185.7keV": 4787015.342161,
    "core_activity_1001.0keV": 13824,
    "detected_core_emission_1001.0keV": 106.209792,
    "background_activity_1001.0keV": 6656149,
    "detected_background_emission_1001.0keV": 2770868.298763,
    "detected_total_emission_1001.0keV": 2770974.5085549997,
    "nr_in_batch": 14,
    "detected_DUcore_emission_185.7keV": 265.4567505148478,
    "detectedRadCase_DUcore_emission_185.7keV": 334.057933232168,
    "detectedHE_DUcore_emission_185.7keV": 402.65911594948824,
    "detectedReflector_DUcore_emission_185.7keV": 4811.030770566847,
    "detectedCore_DUcore_emission_185.7keV": 6725.898566415525,
    "detected_DUcore_emission_1001.0keV": 9601.87084858324,
    "detectedRadCase_DUcore_emission_1001.0keV": 10570.43129471782,
    "detectedHE_DUcore_emission_1001.0keV": 11419.015221073154,
    "detectedReflector_DUcore_emission_1001.0keV": 45274.88939628075,
    "detectedCore_DUcore_emission_1001.0keV": 53310.81671066187
}