{
    "space_thickness": 5.97239736826936,
    "core_thickness": 7.13363371988069,
    "reflector_thickness": 1,
    "HE_thickness": 10,
    "gap_thickness": 2.278421462483531,
    "radiationCase_thickness": 1.8040604114564491,
    "core_enrichment": 0.9138425907885881,
    "radiationCase_enrichment": 0.0030344741490144727,
    "core_mass": 12,
    "radiationCase_mass": 196.83,
    "core_activity_185.7keV": 501428064,
    "detected_core_emission_185.7keV": 28581.399648,
    "background_activity_185.7keV": 37590846,
    "detected_background_emission_185.7keV": 7985949.687624,
    "detected_total_emission_185.7keV": 8014531.087272,
    "core_activity_1001.0keV": 108264,
    "detected_core_emission_1001.0keV": 688.450776,
    "background_activity_1001.0keV": 28283541,
    "detected_background_emission_1001.0keV": 9541678.824678,
    "detected_total_emission_1001.0keV": 9542367.275454,
    "nr_in_batch": 58,
    "detected_DUcore_emission_185.7keV": 94.90640856926089,
    "detectedRadCase_DUcore_emission_185.7keV": 116.55172982189936,
    "detectedHE_DUcore_emission_185.7keV": 238.09853377902297,
    "detectedReflector_DUcore_emission_185.7keV": 2810.5617134195154,
    "detectedCore_DUcore_emission_185.7keV": 3916.138122015818,
    "detected_DUcore_emission_1001.0keV": 7966.383093120062,
    "detectedRadCase_DUcore_emission_1001.0keV": 8687.9803036307,
    "detectedHE_DUcore_emission_1001.0keV": 12032.884039851895,
    "detectedReflector_DUcore_emission_1001.0keV": 47445.01659107454,
    "detectedCore_DUcore_emission_1001.0keV": 55723.34014498826
}