{
    "space_thickness": 6.714679219117135,
    "core_thickness": 7.678577302790298,
    "reflector_thickness": 1,
    "HE_thickness": 10,
    "gap_thickness": 3.567868614500793,
    "radiationCase_thickness": 0.4461695413225534,
    "core_enrichment": 0.9041735634608589,
    "radiationCase_enrichment": 0.003828646604737833,
    "core_mass": 12,
    "radiationCase_mass": 54.07,
    "core_activity_185.7keV": 496122640,
    "detected_core_emission_185.7keV": 42666.54704,
    "background_activity_185.7keV": 12302393,
    "detected_background_emission_185.7keV": 3639392.316404,
    "detected_total_emission_185.7keV": 3682058.863444,
    "core_activity_1001.0keV": 120414,
    "detected_core_emission_1001.0keV": 876.734334,
    "background_activity_1001.0keV": 7330496,
    "detected_background_emission_1001.0keV": 3027186.967168,
    "detected_total_emission_1001.0keV": 3028063.701502,
    "nr_in_batch": 14,
    "detected_DUcore_emission_185.7keV": 180.66789074067526,
    "detectedRadCase_DUcore_emission_185.7keV": 218.48210043058404,
    "detectedHE_DUcore_emission_185.7keV": 264.6994678293614,
    "detectedReflector_DUcore_emission_185.7keV": 3252.022033332155,
    "detectedCore_DUcore_emission_185.7keV": 4552.410688779573,
    "detected_DUcore_emission_1001.0keV": 9114.173694288529,
    "detectedRadCase_DUcore_emission_1001.0keV": 10001.68216142911,
    "detectedHE_DUcore_emission_1001.0keV": 10855.392703868993,
    "detectedReflector_DUcore_emission_1001.0keV": 43290.134441639915,
    "detectedCore_DUcore_emission_1001.0keV": 51148.77782204691
}