{
    "space_thickness": 5.782026694141694,
    "core_thickness": 7.001990594850961,
    "reflector_thickness": 1,
    "HE_thickness": 10,
    "gap_thickness": 3.997767750942804,
    "radiationCase_thickness": 1.4738510571971697,
    "core_enrichment": 0.944996936286707,
    "radiationCase_enrichment": 0.0044959359056025265,
    "core_mass": 12,
    "radiationCase_mass": 182.94,
    "core_activity_185.7keV": 518522543,
    "detected_core_emission_185.7keV": 35259.532924,
    "background_activity_185.7keV": 43739921,
    "detected_background_emission_185.7keV": 9998945.9406,
    "detected_total_emission_185.7keV": 10034205.473524,
    "core_activity_1001.0keV": 69116,
    "detected_core_emission_1001.0keV": 477.384212,
    "background_activity_1001.0keV": 22179712,
    "detected_background_emission_1001.0keV": 7853569.862656,
    "detected_total_emission_1001.0keV": 7854047.246868,
    "nr_in_batch": 56,
    "detected_DUcore_emission_185.7keV": 167.75144331389944,
    "detectedRadCase_DUcore_emission_185.7keV": 204.75543816255373,
    "detectedHE_DUcore_emission_185.7keV": 367.5730154966326,
    "detectedReflector_DUcore_emission_185.7keV": 4262.860206564974,
    "detectedCore_DUcore_emission_185.7keV": 5925.573041764506,
    "detected_DUcore_emission_1001.0keV": 8640.218284716602,
    "detectedRadCase_DUcore_emission_1001.0keV": 9399.536729601932,
    "detectedHE_DUcore_emission_1001.0keV": 12329.229971647146,
    "detectedReflector_DUcore_emission_1001.0keV": 48447.51903124212,
    "detectedCore_DUcore_emission_1001.0keV": 56943.879620469736
}