{
    "space_thickness": 5.56078747458041,
    "core_thickness": 6.853709671041772,
    "reflector_thickness": 1,
    "HE_thickness": 10,
    "gap_thickness": 4.142323609009503,
    "radiationCase_thickness": 0.8861314374863616,
    "core_enrichment": 0.9447965177565175,
    "radiationCase_enrichment": 0.006025680537701741,
    "core_mass": 12,
    "radiationCase_mass": 107.1,
    "core_activity_185.7keV": 518412572,
    "detected_core_emission_185.7keV": 45620.306336,
    "background_activity_185.7keV": 33358426,
    "detected_background_emission_185.7keV": 8811127.85151,
    "detected_total_emission_185.7keV": 8856748.157846,
    "core_activity_1001.0keV": 69368,
    "detected_core_emission_1001.0keV": 549.04772,
    "background_activity_1001.0keV": 12601713,
    "detected_background_emission_1001.0keV": 4893724.022994,
    "detected_total_emission_1001.0keV": 4894273.070714001,
    "nr_in_batch": 23,
    "detected_DUcore_emission_185.7keV": 290.95512852400606,
    "detectedRadCase_DUcore_emission_185.7keV": 357.0812940976439,
    "detectedHE_DUcore_emission_185.7keV": 502.5588583596469,
    "detectedReflector_DUcore_emission_185.7keV": 5865.390886381668,
    "detectedCore_DUcore_emission_185.7keV": 8133.518365557443,
    "detected_DUcore_emission_1001.0keV": 9885.947605163343,
    "detectedRadCase_DUcore_emission_1001.0keV": 10798.977004957962,
    "detectedHE_DUcore_emission_1001.0keV": 12711.217786196758,
    "detectedReflector_DUcore_emission_1001.0keV": 49688.2839707654,
    "detectedCore_DUcore_emission_1001.0keV": 58280.25283695853
}