{
    "space_thickness": 5.993283041473046,
    "core_thickness": 7.148294257202279,
    "reflector_thickness": 1,
    "HE_thickness": 10,
    "gap_thickness": 1.7805955592580487,
    "radiationCase_thickness": 1.0946943531952025,
    "core_enrichment": 0.982835066123528,
    "radiationCase_enrichment": 0.007020372103776346,
    "core_mass": 12,
    "radiationCase_mass": 110.19,
    "core_activity_185.7keV": 539284434,
    "detected_core_emission_185.7keV": 41524.901418,
    "background_activity_185.7keV": 51419485,
    "detected_background_emission_185.7keV": 12836565.91334,
    "detected_total_emission_185.7keV": 12878090.814758,
    "core_activity_1001.0keV": 21569,
    "detected_core_emission_1001.0keV": 154.412471,
    "background_activity_1001.0keV": 16655701,
    "detected_background_emission_1001.0keV": 6222719.794909,
    "detected_total_emission_1001.0keV": 6222874.2073800005,
    "nr_in_batch": 6,
    "detected_DUcore_emission_185.7keV": 296.6115774127497,
    "detectedRadCase_DUcore_emission_185.7keV": 346.688856716201,
    "detectedHE_DUcore_emission_185.7keV": 543.1458755220481,
    "detectedReflector_DUcore_emission_185.7keV": 6486.9337190009155,
    "detectedCore_DUcore_emission_185.7keV": 9040.874963476928,
    "detected_DUcore_emission_1001.0keV": 8932.744704570625,
    "detectedRadCase_DUcore_emission_1001.0keV": 9772.490086073074,
    "detectedHE_DUcore_emission_1001.0keV": 11958.573159464293,
    "detectedReflector_DUcore_emission_1001.0keV": 47129.30580197473,
    "detectedCore_DUcore_emission_1001.0keV": 55378.27566395495
}