{
    "space_thickness": 5.614165768234612,
    "core_thickness": 6.889004690379741,
    "reflector_thickness": 1,
    "HE_thickness": 10,
    "gap_thickness": 1.063724519128915,
    "radiationCase_thickness": 0.6802192892615003,
    "core_enrichment": 0.9853666643131129,
    "radiationCase_enrichment": 0.0070110806184324435,
    "core_mass": 12,
    "radiationCase_mass": 60.78,
    "core_activity_185.7keV": 540673529,
    "detected_core_emission_185.7keV": 52445.332313,
    "background_activity_185.7keV": 29757373,
    "detected_background_emission_185.7keV": 8299926.47716,
    "detected_total_emission_185.7keV": 8352371.8094730005,
    "core_activity_1001.0keV": 18388,
    "detected_core_emission_1001.0keV": 150.211572,
    "background_activity_1001.0keV": 9651815,
    "detected_background_emission_1001.0keV": 3875850.394105,
    "detected_total_emission_1001.0keV": 3876000.605677,
    "nr_in_batch": 25,
    "detected_DUcore_emission_185.7keV": 373.15901388739377,
    "detectedRadCase_DUcore_emission_185.7keV": 446.25201660760496,
    "detectedHE_DUcore_emission_185.7keV": 584.7440217616892,
    "detectedReflector_DUcore_emission_185.7keV": 6786.108252550131,
    "detectedCore_DUcore_emission_185.7keV": 9413.609350334562,
    "detected_DUcore_emission_1001.0keV": 10193.082036552143,
    "detectedRadCase_DUcore_emission_1001.0keV": 11122.675146753065,
    "detectedHE_DUcore_emission_1001.0keV": 12601.289691166616,
    "detectedReflector_DUcore_emission_1001.0keV": 49313.354776175445,
    "detectedCore_DUcore_emission_1001.0keV": 57874.34582193187
}