{
    "space_thickness": 5.731281603509021,
    "core_thickness": 6.967521190804969,
    "reflector_thickness": 1,
    "HE_thickness": 10,
    "gap_thickness": 1.554448314662173,
    "radiationCase_thickness": 1.9204545772898585,
    "core_enrichment": 0.9696643706758892,
    "radiationCase_enrichment": 0.005353715082463108,
    "core_mass": 12,
    "radiationCase_mass": 193.52,
    "core_activity_185.7keV": 532057635,
    "detected_core_emission_185.7keV": 30327.285195,
    "background_activity_185.7keV": 68648327,
    "detected_background_emission_185.7keV": 14263818.032387,
    "detected_total_emission_185.7keV": 14294145.317582,
    "core_activity_1001.0keV": 38119,
    "detected_core_emission_1001.0keV": 246.096264,
    "background_activity_1001.0keV": 29207767,
    "detected_background_emission_1001.0keV": 9731911.133332,
    "detected_total_emission_1001.0keV": 9732157.229595998,
    "nr_in_batch": 11,
    "detected_DUcore_emission_185.7keV": 167.44313710653222,
    "detectedRadCase_DUcore_emission_185.7keV": 211.50712055561962,
    "detectedHE_DUcore_emission_185.7keV": 440.63983449087425,
    "detectedReflector_DUcore_emission_185.7keV": 5114.359678990748,
    "detectedCore_DUcore_emission_185.7keV": 7103.114131992893,
    "detected_DUcore_emission_1001.0keV": 8069.087180977668,
    "detectedRadCase_DUcore_emission_1001.0keV": 8775.257295174133,
    "detectedHE_DUcore_emission_1001.0keV": 12394.84782740947,
    "detectedReflector_DUcore_emission_1001.0keV": 48709.48971763656,
    "detectedCore_DUcore_emission_1001.0keV": 57229.775856534456
}