{
    "space_thickness": 5.803022772079345,
    "core_thickness": 7.016330368182317,
    "reflector_thickness": 1,
    "HE_thickness": 10,
    "gap_thickness": 0.6529727762030529,
    "radiationCase_thickness": 1.3936052141613215,
    "core_enrichment": 0.9383249020246318,
    "radiationCase_enrichment": 0.003958994698075979,
    "core_mass": 12,
    "radiationCase_mass": 125.5,
    "core_activity_185.7keV": 514861578,
    "detected_core_emission_185.7keV": 36555.172038,
    "background_activity_185.7keV": 36403705,
    "detected_background_emission_185.7keV": 8474345.67954,
    "detected_total_emission_185.7keV": 8510900.851578001,
    "core_activity_1001.0keV": 77500,
    "detected_core_emission_1001.0keV": 541.8025,
    "background_activity_1001.0keV": 20974560,
    "detected_background_emission_1001.0keV": 7511094.8088,
    "detected_total_emission_1001.0keV": 7511636.6113,
    "nr_in_batch": 18,
    "detected_DUcore_emission_185.7keV": 154.23413792285407,
    "detectedRadCase_DUcore_emission_185.7keV": 182.4741913453485,
    "detectedHE_DUcore_emission_185.7keV": 323.6744584578205,
    "detectedReflector_DUcore_emission_185.7keV": 3742.893234381374,
    "detectedCore_DUcore_emission_185.7keV": 5207.031388747622,
    "detected_DUcore_emission_1001.0keV": 8750.013866509476,
    "detectedRadCase_DUcore_emission_1001.0keV": 9523.509585219654,
    "detectedHE_DUcore_emission_1001.0keV": 12304.58966122939,
    "detectedReflector_DUcore_emission_1001.0keV": 48340.9791969955,
    "detectedCore_DUcore_emission_1001.0keV": 56810.63215575242
}