{
    "space_thickness": 6.829810155653418,
    "core_thickness": 7.767110975960589,
    "reflector_thickness": 1,
    "HE_thickness": 10,
    "gap_thickness": 3.509091343255787,
    "radiationCase_thickness": 1.2392850400122692,
    "core_enrichment": 0.9390924556714747,
    "radiationCase_enrichment": 0.003079397704867473,
    "core_mass": 12,
    "radiationCase_mass": 155.97,
    "core_activity_185.7keV": 515282737,
    "detected_core_emission_185.7keV": 33493.377905,
    "background_activity_185.7keV": 28791786,
    "detected_background_emission_185.7keV": 6897648.17202,
    "detected_total_emission_185.7keV": 6931141.549925,
    "core_activity_1001.0keV": 76536,
    "detected_core_emission_1001.0keV": 477.431568,
    "background_activity_1001.0keV": 21346092,
    "detected_background_emission_1001.0keV": 7719771.479616,
    "detected_total_emission_1001.0keV": 7720248.911184001,
    "nr_in_batch": 17,
    "detected_DUcore_emission_185.7keV": 109.82883576078886,
    "detectedRadCase_DUcore_emission_185.7keV": 133.48427730926647,
    "detectedHE_DUcore_emission_185.7keV": 206.1402763510191,
    "detectedReflector_DUcore_emission_185.7keV": 2591.960523954617,
    "detectedCore_DUcore_emission_185.7keV": 3619.282556917073,
    "detected_DUcore_emission_1001.0keV": 7814.445430949641,
    "detectedRadCase_DUcore_emission_1001.0keV": 8548.537290926635,
    "detectedHE_DUcore_emission_1001.0keV": 10719.494958742558,
    "detectedReflector_DUcore_emission_1001.0keV": 42746.44460408698,
    "detectedCore_DUcore_emission_1001.0keV": 50534.58298885998
}