{
    "space_thickness": 5.5119099770442395,
    "core_thickness": 6.821666217957359,
    "reflector_thickness": 1,
    "HE_thickness": 10,
    "gap_thickness": 4.073817947909309,
    "radiationCase_thickness": 0.534239025136319,
    "core_enrichment": 0.9685698276746871,
    "radiationCase_enrichment": 0.0034244577242042557,
    "core_mass": 12,
    "radiationCase_mass": 62.99,
    "core_activity_185.7keV": 531457056,
    "detected_core_emission_185.7keV": 54740.076768,
    "background_activity_185.7keV": 11183939,
    "detected_background_emission_185.7keV": 3252915.761784,
    "detected_total_emission_185.7keV": 3307655.838552,
    "core_activity_1001.0keV": 39495,
    "detected_core_emission_1001.0keV": 335.036085,
    "background_activity_1001.0keV": 7453636,
    "detected_background_emission_1001.0keV": 3074609.942728,
    "detected_total_emission_1001.0keV": 3074944.978813,
    "nr_in_batch": 4,
    "detected_DUcore_emission_185.7keV": 193.53801181910396,
    "detectedRadCase_DUcore_emission_185.7keV": 242.39226722975155,
    "detectedHE_DUcore_emission_185.7keV": 287.48850299342627,
    "detectedReflector_DUcore_emission_185.7keV": 3348.395505452847,
    "detectedCore_DUcore_emission_185.7keV": 4654.3073327759275,
    "detected_DUcore_emission_1001.0keV": 10623.115730493473,
    "detectedRadCase_DUcore_emission_1001.0keV": 11665.01509248458,
    "detectedHE_DUcore_emission_1001.0keV": 12824.629045854492,
    "detectedReflector_DUcore_emission_1001.0keV": 50122.62255251694,
    "detectedCore_DUcore_emission_1001.0keV": 58777.149584632985
}