{
    "space_thickness": 5.719897494024664,
    "core_thickness": 6.959825230469699,
    "reflector_thickness": 1,
    "HE_thickness": 10,
    "gap_thickness": 2.9284042848036296,
    "radiationCase_thickness": 0.6918965056202032,
    "core_enrichment": 0.9439985018511351,
    "radiationCase_enrichment": 0.003919694346692553,
    "core_mass": 12,
    "radiationCase_mass": 74.88,
    "core_activity_185.7keV": 517974699,
    "detected_core_emission_185.7keV": 47135.697609,
    "background_activity_185.7keV": 17181997,
    "detected_background_emission_185.7keV": 4772660.488687,
    "detected_total_emission_185.7keV": 4819796.186296,
    "core_activity_1001.0keV": 70371,
    "detected_core_emission_1001.0keV": 563.460597,
    "background_activity_1001.0keV": 9999327,
    "detected_background_emission_1001.0keV": 4001590.674822,
    "detected_total_emission_1001.0keV": 4002154.135419,
    "nr_in_batch": 26,
    "detected_DUcore_emission_185.7keV": 195.7180302943307,
    "detectedRadCase_DUcore_emission_185.7keV": 238.73298200737045,
    "detectedHE_DUcore_emission_185.7keV": 322.6121378477979,
    "detectedReflector_DUcore_emission_185.7keV": 3748.7530417914113,
    "detectedCore_DUcore_emission_185.7keV": 5202.658409692154,
    "detected_DUcore_emission_1001.0keV": 10022.04626082321,
    "detectedRadCase_DUcore_emission_1001.0keV": 10969.553319577197,
    "detectedHE_DUcore_emission_1001.0keV": 12431.492876545037,
    "detectedReflector_DUcore_emission_1001.0keV": 48846.054118724336,
    "detectedCore_DUcore_emission_1001.0keV": 57378.62428982859
}