{
    "space_thickness": 5.931658935129403,
    "core_thickness": 7.105159685505684,
    "reflector_thickness": 1,
    "HE_thickness": 10,
    "gap_thickness": 0.31691456779558036,
    "radiationCase_thickness": 1.1878693906932842,
    "core_enrichment": 0.9402046387426639,
    "radiationCase_enrichment": 0.005486959730560405,
    "core_mass": 12,
    "radiationCase_mass": 103.13,
    "core_activity_185.7keV": 515892995,
    "detected_core_emission_185.7keV": 38176.08163,
    "background_activity_185.7keV": 43404949,
    "detected_background_emission_185.7keV": 10599445.140851,
    "detected_total_emission_185.7keV": 10637621.222481001,
    "core_activity_1001.0keV": 75138,
    "detected_core_emission_1001.0keV": 534.080904,
    "background_activity_1001.0keV": 18016604,
    "detected_background_emission_1001.0keV": 6641748.998184,
    "detected_total_emission_1001.0keV": 6642283.079088001,
    "nr_in_batch": 2,
    "detected_DUcore_emission_185.7keV": 222.79258581073728,
    "detectedRadCase_DUcore_emission_185.7keV": 261.9318238585695,
    "detectedHE_DUcore_emission_185.7keV": 436.55303976428246,
    "detectedReflector_DUcore_emission_185.7keV": 5103.154499313509,
    "detectedCore_DUcore_emission_185.7keV": 7105.27706099108,
    "detected_DUcore_emission_1001.0keV": 8882.80487784385,
    "detectedRadCase_DUcore_emission_1001.0keV": 9681.357539203194,
    "detectedHE_DUcore_emission_1001.0keV": 12065.768302698702,
    "detectedReflector_DUcore_emission_1001.0keV": 47550.74924056816,
    "detectedCore_DUcore_emission_1001.0keV": 55859.94586870319
}