{
    "space_thickness": 5.901434467618554,
    "core_thickness": 7.084139624579106,
    "reflector_thickness": 1,
    "HE_thickness": 10,
    "gap_thickness": 2.2154983106865194,
    "radiationCase_thickness": 1.6629645384067275,
    "core_enrichment": 0.9329054674237955,
    "radiationCase_enrichment": 0.003740906699283024,
    "core_mass": 12,
    "radiationCase_mass": 178.32,
    "core_activity_185.7keV": 511887919,
    "detected_core_emission_185.7keV": 31225.163059,
    "background_activity_185.7keV": 42065117,
    "detected_background_emission_185.7keV": 9214826.595137,
    "detected_total_emission_185.7keV": 9246051.758196,
    "core_activity_1001.0keV": 84310,
    "detected_core_emission_1001.0keV": 554.25394,
    "background_activity_1001.0keV": 25655029,
    "detected_background_emission_1001.0keV": 8832410.764004,
    "detected_total_emission_1001.0keV": 8832965.017943999,
    "nr_in_batch": 21,
    "detected_DUcore_emission_185.7keV": 125.21142358043825,
    "detectedRadCase_DUcore_emission_185.7keV": 153.94847161529293,
    "detectedHE_DUcore_emission_185.7keV": 299.68635807777025,
    "detectedReflector_DUcore_emission_185.7keV": 3495.6566288112517,
    "detectedCore_DUcore_emission_185.7keV": 4862.719056755052,
    "detected_DUcore_emission_1001.0keV": 8229.893578625055,
    "detectedRadCase_DUcore_emission_1001.0keV": 8981.024723616694,
    "detectedHE_DUcore_emission_1001.0keV": 12143.286844031492,
    "detectedReflector_DUcore_emission_1001.0keV": 47804.48983775119,
    "detectedCore_DUcore_emission_1001.0keV": 56157.06817005821
}