{
    "space_thickness": 5.122991440439594,
    "core_thickness": 6.576547259087645,
    "reflector_thickness": 1,
    "HE_thickness": 10,
    "gap_thickness": 4.30994789958208,
    "radiationCase_thickness": 0.8383930482715711,
    "core_enrichment": 0.9845801856823847,
    "radiationCase_enrichment": 0.004948679781740819,
    "core_mass": 12,
    "radiationCase_mass": 100.13,
    "core_activity_185.7keV": 540241986,
    "detected_core_emission_185.7keV": 55644.924558,
    "background_activity_185.7keV": 24339519,
    "detected_background_emission_185.7keV": 6532897.276233,
    "detected_total_emission_185.7keV": 6588542.200790999,
    "core_activity_1001.0keV": 19376,
    "detected_core_emission_1001.0keV": 164.79288,
    "background_activity_1001.0keV": 11207870,
    "detected_background_emission_1001.0keV": 4411720.24449,
    "detected_total_emission_1001.0keV": 4411885.03737,
    "nr_in_batch": 6,
    "detected_DUcore_emission_185.7keV": 279.6815505468301,
    "detectedRadCase_DUcore_emission_185.7keV": 325.84258316135544,
    "detectedHE_DUcore_emission_185.7keV": 431.741422688796,
    "detectedReflector_DUcore_emission_185.7keV": 5107.582491054247,
    "detectedCore_DUcore_emission_185.7keV": 7043.630506004634,
    "detected_DUcore_emission_1001.0keV": 10634.376190426388,
    "detectedRadCase_DUcore_emission_1001.0keV": 11620.916203859242,
    "detectedHE_DUcore_emission_1001.0keV": 13543.981527889317,
    "detectedReflector_DUcore_emission_1001.0keV": 52412.90783660121,
    "detectedCore_DUcore_emission_1001.0keV": 61536.840001391494
}