{
    "space_thickness": 6.175649323318421,
    "core_thickness": 7.278059135367633,
    "reflector_thickness": 1,
    "HE_thickness": 10,
    "gap_thickness": 3.9072859651736747,
    "radiationCase_thickness": 1.6456194592643776,
    "core_enrichment": 0.9089683906769234,
    "radiationCase_enrichment": 0.0065610228686140745,
    "core_mass": 12,
    "radiationCase_mass": 209.18,
    "core_activity_185.7keV": 498753576,
    "detected_core_emission_185.7keV": 30423.968136,
    "background_activity_185.7keV": 75733507,
    "detected_background_emission_185.7keV": 16613735.164097,
    "detected_total_emission_185.7keV": 16644159.132233,
    "core_activity_1001.0keV": 114389,
    "detected_core_emission_1001.0keV": 725.569427,
    "background_activity_1001.0keV": 26261086,
    "detected_background_emission_1001.0keV": 9031660.174948,
    "detected_total_emission_1001.0keV": 9032385.744375,
    "nr_in_batch": 12,
    "detected_DUcore_emission_185.7keV": 219.60318167796837,
    "detectedRadCase_DUcore_emission_185.7keV": 259.2037554231758,
    "detectedHE_DUcore_emission_185.7keV": 500.4072500530754,
    "detectedReflector_DUcore_emission_185.7keV": 5936.486009622456,
    "detectedCore_DUcore_emission_185.7keV": 8287.320069224314,
    "detected_DUcore_emission_1001.0keV": 7918.23028115143,
    "detectedRadCase_DUcore_emission_1001.0keV": 8664.73851197731,
    "detectedHE_DUcore_emission_1001.0keV": 11686.973339451315,
    "detectedReflector_DUcore_emission_1001.0keV": 46106.24581492148,
    "detectedCore_DUcore_emission_1001.0keV": 54224.21073977214
}