{
    "space_thickness": 5.239496766018255,
    "core_thickness": 6.6480826386194085,
    "reflector_thickness": 1,
    "HE_thickness": 10,
    "gap_thickness": 2.003321022084294,
    "radiationCase_thickness": 1.4763662466018694,
    "core_enrichment": 0.9704528594175166,
    "radiationCase_enrichment": 0.004380810446390239,
    "core_mass": 12,
    "radiationCase_mass": 147.38,
    "core_activity_185.7keV": 532490281,
    "detected_core_emission_185.7keV": 40469.261356,
    "background_activity_185.7keV": 39633349,
    "detected_background_emission_185.7keV": 9098390.129836,
    "detected_total_emission_185.7keV": 9138859.391192,
    "core_activity_1001.0keV": 37129,
    "detected_core_emission_1001.0keV": 276.759566,
    "background_activity_1001.0keV": 20627877,
    "detected_background_emission_1001.0keV": 7354518.870441,
    "detected_total_emission_1001.0keV": 7354795.630007,
    "nr_in_batch": 27,
    "detected_DUcore_emission_185.7keV": 182.68601221494663,
    "detectedRadCase_DUcore_emission_185.7keV": 221.14622531283013,
    "detectedHE_DUcore_emission_185.7keV": 379.7946043415996,
    "detectedReflector_DUcore_emission_185.7keV": 4442.154612805544,
    "detectedCore_DUcore_emission_185.7keV": 6141.615279068272,
    "detected_DUcore_emission_1001.0keV": 9325.558873872365,
    "detectedRadCase_DUcore_emission_1001.0keV": 10205.068920603286,
    "detectedHE_DUcore_emission_1001.0keV": 13327.767464899694,
    "detectedReflector_DUcore_emission_1001.0keV": 51693.421935810606,
    "detectedCore_DUcore_emission_1001.0keV": 60723.72565886008
}