{
    "space_thickness": 5.215819010728731,
    "core_thickness": 6.633409545972042,
    "reflector_thickness": 1,
    "HE_thickness": 10,
    "gap_thickness": 2.685844107991457,
    "radiationCase_thickness": 1.1594599376637051,
    "core_enrichment": 0.9664607691616638,
    "radiationCase_enrichment": 0.004587766766858712,
    "core_mass": 12,
    "radiationCase_mass": 121.58,
    "core_activity_185.7keV": 530299810,
    "detected_core_emission_185.7keV": 45075.48385,
    "background_activity_185.7keV": 32051687,
    "detected_background_emission_185.7keV": 7924683.455689,
    "detected_total_emission_185.7keV": 7969758.939539,
    "core_activity_1001.0keV": 42145,
    "detected_core_emission_1001.0keV": 333.45124,
    "background_activity_1001.0keV": 15926030,
    "detected_background_emission_1001.0keV": 5953834.83329,
    "detected_total_emission_1001.0keV": 5954168.284530001,
    "nr_in_batch": 31,
    "detected_DUcore_emission_185.7keV": 213.97227209385443,
    "detectedRadCase_DUcore_emission_185.7keV": 269.3533307534403,
    "detectedHE_DUcore_emission_185.7keV": 400.25401485791593,
    "detectedReflector_DUcore_emission_185.7keV": 4659.5608899497,
    "detectedCore_DUcore_emission_185.7keV": 6449.376012993588,
    "detected_DUcore_emission_1001.0keV": 9896.49645725284,
    "detectedRadCase_DUcore_emission_1001.0keV": 10824.605705392578,
    "detectedHE_DUcore_emission_1001.0keV": 13381.284011588838,
    "detectedReflector_DUcore_emission_1001.0keV": 51835.27675493111,
    "detectedCore_DUcore_emission_1001.0keV": 60886.218155927265
}