{
    "space_thickness": 6.049770493752014,
    "core_thickness": 7.188154880965195,
    "reflector_thickness": 1,
    "HE_thickness": 10,
    "gap_thickness": 4.517571069409025,
    "radiationCase_thickness": 1.1781959365916914,
    "core_enrichment": 0.931964378400788,
    "radiationCase_enrichment": 0.005523366202531178,
    "core_mass": 12,
    "radiationCase_mass": 153.49,
    "core_activity_185.7keV": 511371541,
    "detected_core_emission_185.7keV": 36307.379411,
    "background_activity_185.7keV": 44030274,
    "detected_background_emission_185.7keV": 10764697.508616,
    "detected_total_emission_185.7keV": 10801004.888027001,
    "core_activity_1001.0keV": 85493,
    "detected_core_emission_1001.0keV": 600.246353,
    "background_activity_1001.0keV": 18155036,
    "detected_background_emission_1001.0keV": 6692037.04478,
    "detected_total_emission_1001.0keV": 6692637.2911330005,
    "nr_in_batch": 3,
    "detected_DUcore_emission_185.7keV": 215.17877381690684,
    "detectedRadCase_DUcore_emission_185.7keV": 257.6083911892547,
    "detectedHE_DUcore_emission_185.7keV": 427.32686067864597,
    "detectedReflector_DUcore_emission_185.7keV": 5070.339275995565,
    "detectedCore_DUcore_emission_185.7keV": 7079.684727271751,
    "detected_DUcore_emission_1001.0keV": 8773.76054979682,
    "detectedRadCase_DUcore_emission_1001.0keV": 9553.53929685183,
    "detectedHE_DUcore_emission_1001.0keV": 11891.625892588883,
    "detectedReflector_DUcore_emission_1001.0keV": 46887.946102966314,
    "detectedCore_DUcore_emission_1001.0keV": 55071.87401075999
}