{
    "space_thickness": 6.914018814304013,
    "core_thickness": 7.832476522636058,
    "reflector_thickness": 1,
    "HE_thickness": 10,
    "gap_thickness": 0.22602662265120088,
    "radiationCase_thickness": 0.5204296419463885,
    "core_enrichment": 0.9124148300839643,
    "radiationCase_enrichment": 0.003735668165683831,
    "core_mass": 12,
    "radiationCase_mass": 46.62,
    "core_activity_185.7keV": 500644647,
    "detected_core_emission_185.7keV": 43055.439642,
    "background_activity_185.7keV": 14431613,
    "detected_background_emission_185.7keV": 4169985.713124,
    "detected_total_emission_185.7keV": 4213041.152766,
    "core_activity_1001.0keV": 110058,
    "detected_core_emission_1001.0keV": 772.497102,
    "background_activity_1001.0keV": 8814063,
    "detected_background_emission_1001.0keV": 3582088.087578,
    "detected_total_emission_1001.0keV": 3582860.58468,
    "nr_in_batch": 50,
    "detected_DUcore_emission_185.7keV": 176.2803825158473,
    "detectedRadCase_DUcore_emission_185.7keV": 198.82787330275798,
    "detectedHE_DUcore_emission_185.7keV": 250.07217054573684,
    "detectedReflector_DUcore_emission_185.7keV": 3109.503956703957,
    "detectedCore_DUcore_emission_185.7keV": 4359.864809432642,
    "detected_DUcore_emission_1001.0keV": 8787.028714907545,
    "detectedRadCase_DUcore_emission_1001.0keV": 9634.559479972711,
    "detectedHE_DUcore_emission_1001.0keV": 10574.730240037617,
    "detectedReflector_DUcore_emission_1001.0keV": 42263.867989069484,
    "detectedCore_DUcore_emission_1001.0keV": 50006.8189224935
}