{
    "space_thickness": 5.216519978672689,
    "core_thickness": 6.63384295659323,
    "reflector_thickness": 1,
    "HE_thickness": 10,
    "gap_thickness": 4.499391989610586,
    "radiationCase_thickness": 1.7284140396111456,
    "core_enrichment": 0.9199024713324273,
    "radiationCase_enrichment": 0.004723349902970007,
    "core_mass": 12,
    "radiationCase_mass": 219.51,
    "core_activity_185.7keV": 504753137,
    "detected_core_emission_185.7keV": 35332.71959,
    "background_activity_185.7keV": 50410366,
    "detected_background_emission_185.7keV": 10955584.022048,
    "detected_total_emission_185.7keV": 10990916.741638001,
    "core_activity_1001.0keV": 100649,
    "detected_core_emission_1001.0keV": 719.539701,
    "background_activity_1001.0keV": 24325878,
    "detected_background_emission_1001.0keV": 8375156.53662,
    "detected_total_emission_1001.0keV": 8375876.076321,
    "nr_in_batch": 25,
    "detected_DUcore_emission_185.7keV": 181.42009940142327,
    "detectedRadCase_DUcore_emission_185.7keV": 220.29583498744253,
    "detectedHE_DUcore_emission_185.7keV": 412.0827972118043,
    "detectedReflector_DUcore_emission_185.7keV": 4794.6740556090435,
    "detectedCore_DUcore_emission_185.7keV": 6639.975638092092,
    "detected_DUcore_emission_1001.0keV": 8940.90197772548,
    "detectedRadCase_DUcore_emission_1001.0keV": 9785.091211879166,
    "detectedHE_DUcore_emission_1001.0keV": 13378.210722580705,
    "detectedReflector_DUcore_emission_1001.0keV": 51825.71507273271,
    "detectedCore_DUcore_emission_1001.0keV": 60875.42366286022
}