{
    "space_thickness": 5.513739101097737,
    "core_thickness": 6.822860575999606,
    "reflector_thickness": 1,
    "HE_thickness": 10,
    "gap_thickness": 3.0371973827161436,
    "radiationCase_thickness": 1.7827322135895987,
    "core_enrichment": 0.9153235065003593,
    "radiationCase_enrichment": 0.002580860909517208,
    "core_mass": 12,
    "radiationCase_mass": 202.56,
    "core_activity_185.7keV": 502240646,
    "detected_core_emission_185.7keV": 32645.64199,
    "background_activity_185.7keV": 29653758,
    "detected_background_emission_185.7keV": 6353999.687934,
    "detected_total_emission_185.7keV": 6386645.329924,
    "core_activity_1001.0keV": 106403,
    "detected_core_emission_1001.0keV": 723.859609,
    "background_activity_1001.0keV": 26245075,
    "detected_background_emission_1001.0keV": 8933167.403125,
    "detected_total_emission_1001.0keV": 8933891.262734,
    "nr_in_batch": 55,
    "detected_DUcore_emission_185.7keV": 92.04817828654075,
    "detectedRadCase_DUcore_emission_185.7keV": 109.04168812405595,
    "detectedHE_DUcore_emission_185.7keV": 216.66725042831897,
    "detectedReflector_DUcore_emission_185.7keV": 2523.536210871009,
    "detectedCore_DUcore_emission_185.7keV": 3506.327529807306,
    "detected_DUcore_emission_1001.0keV": 8526.492013787232,
    "detectedRadCase_DUcore_emission_1001.0keV": 9287.27117773973,
    "detectedHE_DUcore_emission_1001.0keV": 12830.471666197252,
    "detectedReflector_DUcore_emission_1001.0keV": 50155.02438861145,
    "detectedCore_DUcore_emission_1001.0keV": 58815.62409686807
}