{
    "space_thickness": 5.862293401654772,
    "core_thickness": 7.057053206937429,
    "reflector_thickness": 1,
    "HE_thickness": 10,
    "gap_thickness": 4.696753366748968,
    "radiationCase_thickness": 1.6434259511363687,
    "core_enrichment": 0.9638612574439298,
    "radiationCase_enrichment": 0.0036903560709803957,
    "core_mass": 12,
    "radiationCase_mass": 219.33,
    "core_activity_185.7keV": 528873450,
    "detected_core_emission_185.7keV": 32261.28045,
    "background_activity_185.7keV": 40758096,
    "detected_background_emission_185.7keV": 8969756.461008,
    "detected_total_emission_185.7keV": 9002017.741457999,
    "core_activity_1001.0keV": 45411,
    "detected_core_emission_1001.0keV": 301.483629,
    "background_activity_1001.0keV": 25199674,
    "detected_background_emission_1001.0keV": 8705050.985582,
    "detected_total_emission_1001.0keV": 8705352.469211,
    "nr_in_batch": 37,
    "detected_DUcore_emission_185.7keV": 123.51944977797191,
    "detectedRadCase_DUcore_emission_185.7keV": 155.91799398203008,
    "detectedHE_DUcore_emission_185.7keV": 299.68653388753836,
    "detectedReflector_DUcore_emission_185.7keV": 3462.5944118087205,
    "detectedCore_DUcore_emission_185.7keV": 4821.308359366411,
    "detected_DUcore_emission_1001.0keV": 8311.687836661984,
    "detectedRadCase_DUcore_emission_1001.0keV": 9062.857094381096,
    "detectedHE_DUcore_emission_1001.0keV": 12201.492642884123,
    "detectedReflector_DUcore_emission_1001.0keV": 48026.006492271474,
    "detectedCore_DUcore_emission_1001.0keV": 56416.567100993976
}