{
    "space_thickness": 6.275455651863377,
    "core_thickness": 7.350366817234588,
    "reflector_thickness": 1,
    "HE_thickness": 10,
    "gap_thickness": 2.2456357121991855,
    "radiationCase_thickness": 1.4035431406860446,
    "core_enrichment": 0.975999884710757,
    "radiationCase_enrichment": 0.0019777416068331023,
    "core_mass": 12,
    "radiationCase_mass": 152.86,
    "core_activity_185.7keV": 535533950,
    "detected_core_emission_185.7keV": 34809.70675,
    "background_activity_185.7keV": 19547604,
    "detected_background_emission_185.7keV": 4522572.756648,
    "detected_total_emission_185.7keV": 4557382.463398,
    "core_activity_1001.0keV": 30158,
    "detected_core_emission_1001.0keV": 197.293636,
    "background_activity_1001.0keV": 22590154,
    "detected_background_emission_1001.0keV": 8027998.567904,
    "detected_total_emission_1001.0keV": 8028195.86154,
    "nr_in_batch": 10,
    "detected_DUcore_emission_185.7keV": 70.53751380369349,
    "detectedRadCase_DUcore_emission_185.7keV": 84.64501656443217,
    "detectedHE_DUcore_emission_185.7keV": 148.67137524778474,
    "detectedReflector_DUcore_emission_185.7keV": 1762.3526525722802,
    "detectedCore_DUcore_emission_185.7keV": 2467.7277906092154,
    "detected_DUcore_emission_1001.0keV": 8204.327500629064,
    "detectedRadCase_DUcore_emission_1001.0keV": 8926.689567330735,
    "detectedHE_DUcore_emission_1001.0keV": 11579.11278100094,
    "detectedReflector_DUcore_emission_1001.0keV": 45785.96648126972,
    "detectedCore_DUcore_emission_1001.0keV": 53853.59699358198
}