{
    "space_thickness": 6.162910942201234,
    "core_thickness": 7.268894837871324,
    "reflector_thickness": 1,
    "HE_thickness": 10,
    "gap_thickness": 3.9370131906272783,
    "radiationCase_thickness": 1.3338988291336669,
    "core_enrichment": 0.9442846459702043,
    "radiationCase_enrichment": 0.005169106613891713,
    "core_mass": 12,
    "radiationCase_mass": 167.54,
    "core_activity_185.7keV": 518131707,
    "detected_core_emission_185.7keV": 35751.087783,
    "background_activity_185.7keV": 47680871,
    "detected_background_emission_185.7keV": 11228654.397016,
    "detected_total_emission_185.7keV": 11264405.484799,
    "core_activity_1001.0keV": 70011,
    "detected_core_emission_1001.0keV": 470.193876,
    "background_activity_1001.0keV": 21015171,
    "detected_background_emission_1001.0keV": 7557097.521942,
    "detected_total_emission_1001.0keV": 7557567.715818,
    "nr_in_batch": 34,
    "detected_DUcore_emission_185.7keV": 195.70495514882435,
    "detectedRadCase_DUcore_emission_185.7keV": 232.57690322034202,
    "detectedHE_DUcore_emission_185.7keV": 394.2462139954578,
    "detectedReflector_DUcore_emission_185.7keV": 4682.73740508274,
    "detectedCore_DUcore_emission_185.7keV": 6540.516327147667,
    "detected_DUcore_emission_1001.0keV": 8395.608373001853,
    "detectedRadCase_DUcore_emission_1001.0keV": 9153.163267885582,
    "detectedHE_DUcore_emission_1001.0keV": 11727.099783670397,
    "detectedReflector_DUcore_emission_1001.0keV": 46242.10085254788,
    "detectedCore_DUcore_emission_1001.0keV": 54377.69038374146
}