{
    "space_thickness": 5.589938086900648,
    "core_thickness": 6.872946131031972,
    "reflector_thickness": 1,
    "HE_thickness": 10,
    "gap_thickness": 2.005667125847394,
    "radiationCase_thickness": 0.5862896867490739,
    "core_enrichment": 0.9048346292094531,
    "radiationCase_enrichment": 0.007121528388395576,
    "core_mass": 12,
    "radiationCase_mass": 57.26,
    "core_activity_185.7keV": 496485369,
    "detected_core_emission_185.7keV": 50145.022269,
    "background_activity_185.7keV": 25861543,
    "detected_background_emission_185.7keV": 7405271.807249,
    "detected_total_emission_185.7keV": 7455416.829518001,
    "core_activity_1001.0keV": 119583,
    "detected_core_emission_1001.0keV": 997.083054,
    "background_activity_1001.0keV": 8257190,
    "detected_background_emission_1001.0keV": 3371963.90873,
    "detected_total_emission_1001.0keV": 3372960.991784,
    "nr_in_batch": 2,
    "detected_DUcore_emission_185.7keV": 394.6679184417079,
    "detectedRadCase_DUcore_emission_185.7keV": 480.6351878052482,
    "detectedHE_DUcore_emission_185.7keV": 593.9556792390059,
    "detectedReflector_DUcore_emission_185.7keV": 6912.549977459221,
    "detectedCore_DUcore_emission_185.7keV": 9577.535327728972,
    "detected_DUcore_emission_1001.0keV": 10402.798971298795,
    "detectedRadCase_DUcore_emission_1001.0keV": 11372.213075484347,
    "detectedHE_DUcore_emission_1001.0keV": 12646.050656402564,
    "detectedReflector_DUcore_emission_1001.0keV": 49447.605136661674,
    "detectedCore_DUcore_emission_1001.0keV": 58028.853796363415
}