{
    "space_thickness": 6.788105988418047,
    "core_thickness": 7.734928174977264,
    "reflector_thickness": 1,
    "HE_thickness": 10,
    "gap_thickness": 4.4130848647799255,
    "radiationCase_thickness": 1.7276426987404692,
    "core_enrichment": 0.9677483042150762,
    "radiationCase_enrichment": 0.004738411158622736,
    "core_mass": 12,
    "radiationCase_mass": 239.19,
    "core_activity_185.7keV": 531006284,
    "detected_core_emission_185.7keV": 29736.351904,
    "background_activity_185.7keV": 62577224,
    "detected_background_emission_185.7keV": 13420812.076832,
    "detected_total_emission_185.7keV": 13450548.428736,
    "core_activity_1001.0keV": 40527,
    "detected_core_emission_1001.0keV": 234.732384,
    "background_activity_1001.0keV": 30100643,
    "detected_background_emission_1001.0keV": 10152134.166539,
    "detected_total_emission_1001.0keV": 10152368.898923,
    "nr_in_batch": 7,
    "detected_DUcore_emission_185.7keV": 145.598872166826,
    "detectedRadCase_DUcore_emission_185.7keV": 168.99869090792305,
    "detectedHE_DUcore_emission_185.7keV": 319.7975227949928,
    "detectedReflector_DUcore_emission_185.7keV": 4006.568964447837,
    "detectedCore_DUcore_emission_185.7keV": 5582.156759681704,
    "detected_DUcore_emission_1001.0keV": 7243.659336376879,
    "detectedRadCase_DUcore_emission_1001.0keV": 7855.2182824211295,
    "detectedHE_DUcore_emission_1001.0keV": 10752.932143330181,
    "detectedReflector_DUcore_emission_1001.0keV": 42877.91097163006,
    "detectedCore_DUcore_emission_1001.0keV": 50695.61030030614
}