{
    "space_thickness": 6.649280780592731,
    "core_thickness": 7.62872995621392,
    "reflector_thickness": 1,
    "HE_thickness": 10,
    "gap_thickness": 4.363173356368531,
    "radiationCase_thickness": 1.5668231847952194,
    "core_enrichment": 0.9078145090751903,
    "radiationCase_enrichment": 0.004135796133498912,
    "core_mass": 12,
    "radiationCase_mass": 212.65,
    "core_activity_185.7keV": 498120438,
    "detected_core_emission_185.7keV": 28392.864966,
    "background_activity_185.7keV": 48317601,
    "detected_background_emission_185.7keV": 10738151.963841,
    "detected_total_emission_185.7keV": 10766544.828807,
    "core_activity_1001.0keV": 115839,
    "detected_core_emission_1001.0keV": 700.362594,
    "background_activity_1001.0keV": 26644117,
    "detected_background_emission_1001.0keV": 9208846.294008,
    "detected_total_emission_1001.0keV": 9209546.656601999,
    "nr_in_batch": 9,
    "detected_DUcore_emission_185.7keV": 129.3514257593846,
    "detectedRadCase_DUcore_emission_185.7keV": 161.1219513844966,
    "detectedHE_DUcore_emission_185.7keV": 288.20405388494464,
    "detectedReflector_DUcore_emission_185.7keV": 3537.8749606821157,
    "detectedCore_DUcore_emission_185.7keV": 4951.663350999599,
    "detected_DUcore_emission_1001.0keV": 7565.898070018031,
    "detectedRadCase_DUcore_emission_1001.0keV": 8256.664814088484,
    "detectedHE_DUcore_emission_1001.0keV": 10954.65956085641,
    "detectedReflector_DUcore_emission_1001.0keV": 43597.142385272615,
    "detectedCore_DUcore_emission_1001.0keV": 51508.42382732587
}