{
    "space_thickness": 6.713469455503104,
    "core_thickness": 7.677652256194159,
    "reflector_thickness": 1,
    "HE_thickness": 10,
    "gap_thickness": 2.798422509999359,
    "radiationCase_thickness": 0.8565714622824643,
    "core_enrichment": 0.9745777844974438,
    "radiationCase_enrichment": 0.004111111292598954,
    "core_mass": 12,
    "radiationCase_mass": 98.66,
    "core_activity_185.7keV": 534753639,
    "detected_core_emission_185.7keV": 40641.276564,
    "background_activity_185.7keV": 25766441,
    "detected_background_emission_185.7keV": 6795950.346632,
    "detected_total_emission_185.7keV": 6836591.623196,
    "core_activity_1001.0keV": 31945,
    "detected_core_emission_1001.0keV": 216.619045,
    "background_activity_1001.0keV": 14294240,
    "detected_background_emission_1001.0keV": 5496292.51664,
    "detected_total_emission_1001.0keV": 5496509.135685,
    "nr_in_batch": 9,
    "detected_DUcore_emission_185.7keV": 171.43917478456345,
    "detectedRadCase_DUcore_emission_185.7keV": 198.5085181715998,
    "detectedHE_DUcore_emission_185.7keV": 286.4838841794679,
    "detectedReflector_DUcore_emission_185.7keV": 3496.45685415886,
    "detectedCore_DUcore_emission_185.7keV": 4892.783817206818,
    "detected_DUcore_emission_1001.0keV": 8485.879343717737,
    "detectedRadCase_DUcore_emission_1001.0keV": 9244.239892647533,
    "detectedHE_DUcore_emission_1001.0keV": 10852.314653992069,
    "detectedReflector_DUcore_emission_1001.0keV": 43280.36235105117,
    "detectedCore_DUcore_emission_1001.0keV": 51141.783090947174
}