{
    "space_thickness": 5.179072488023261,
    "core_thickness": 6.61077315274857,
    "reflector_thickness": 1,
    "HE_thickness": 10,
    "gap_thickness": 3.8129005126438957,
    "radiationCase_thickness": 0.4199844156706436,
    "core_enrichment": 0.9725241627072846,
    "radiationCase_enrichment": 0.002215558753742266,
    "core_mass": 12,
    "radiationCase_mass": 47.18,
    "core_activity_185.7keV": 533626811,
    "detected_core_emission_185.7keV": 62967.963698,
    "background_activity_185.7keV": 5402282,
    "detected_background_emission_185.7keV": 1630008.938732,
    "detected_total_emission_185.7keV": 1692976.90243,
    "core_activity_1001.0keV": 34526,
    "detected_core_emission_1001.0keV": 313.66871,
    "background_activity_1001.0keV": 5571674,
    "detected_background_emission_1001.0keV": 2357720.713188,
    "detected_total_emission_1001.0keV": 2358034.381898,
    "nr_in_batch": 42,
    "detected_DUcore_emission_185.7keV": 143.45064993428602,
    "detectedRadCase_DUcore_emission_185.7keV": 177.48978720682848,
    "detectedHE_DUcore_emission_185.7keV": 193.2936723690803,
    "detectedReflector_DUcore_emission_185.7keV": 2267.2496790461305,
    "detectedCore_DUcore_emission_185.7keV": 3132.8163125479246,
    "detected_DUcore_emission_1001.0keV": 11390.790920576565,
    "detectedRadCase_DUcore_emission_1001.0keV": 12475.329626828488,
    "detectedHE_DUcore_emission_1001.0keV": 13485.894016700224,
    "detectedReflector_DUcore_emission_1001.0keV": 52199.537522989995,
    "detectedCore_DUcore_emission_1001.0keV": 61317.18546734143
}