{
    "space_thickness": 6.593399197394028,
    "core_thickness": 7.586397767628774,
    "reflector_thickness": 1,
    "HE_thickness": 10,
    "gap_thickness": 3.822215367769009,
    "radiationCase_thickness": 1.8430463414778158,
    "core_enrichment": 0.9264481825599498,
    "radiationCase_enrichment": 0.0015082374247041618,
    "core_mass": 12,
    "radiationCase_mass": 240.9,
    "core_activity_185.7keV": 508344788,
    "detected_core_emission_185.7keV": 26942.273764,
    "background_activity_185.7keV": 20792684,
    "detected_background_emission_185.7keV": 4358687.176184,
    "detected_total_emission_185.7keV": 4385629.449948001,
    "core_activity_1001.0keV": 92424,
    "detected_core_emission_1001.0keV": 536.798592,
    "background_activity_1001.0keV": 31523926,
    "detected_background_emission_1001.0keV": 10495134.587476,
    "detected_total_emission_1001.0keV": 10495671.386068,
    "nr_in_batch": 36,
    "detected_DUcore_emission_185.7keV": 43.8614337704696,
    "detectedRadCase_DUcore_emission_185.7keV": 52.96475021339727,
    "detectedHE_DUcore_emission_185.7keV": 105.92950042679453,
    "detectedReflector_DUcore_emission_185.7keV": 1298.4639544503175,
    "detectedCore_DUcore_emission_185.7keV": 1815.697843253025,
    "detected_DUcore_emission_1001.0keV": 7287.244065538969,
    "detectedRadCase_DUcore_emission_1001.0keV": 7943.447344856613,
    "detectedHE_DUcore_emission_1001.0keV": 11075.155538311377,
    "detectedReflector_DUcore_emission_1001.0keV": 44014.55265480493,
    "detectedCore_DUcore_emission_1001.0keV": 51960.50938122681
}