{
    "space_thickness": 5.418492726785985,
    "core_thickness": 6.761170287448215,
    "reflector_thickness": 1,
    "HE_thickness": 10,
    "gap_thickness": 4.443688629987736,
    "radiationCase_thickness": 0.6348219474972979,
    "core_enrichment": 0.9448986832564532,
    "radiationCase_enrichment": 0.0020126794914681525,
    "core_mass": 12,
    "radiationCase_mass": 77.29,
    "core_activity_185.7keV": 518468631,
    "detected_core_emission_185.7keV": 53920.737624,
    "background_activity_185.7keV": 7742474,
    "detected_background_emission_185.7keV": 2189618.102044,
    "detected_total_emission_185.7keV": 2243538.8396679997,
    "core_activity_1001.0keV": 69240,
    "detected_core_emission_1001.0keV": 583.90092,
    "background_activity_1001.0keV": 8791949,
    "detected_background_emission_1001.0keV": 3567711.360557,
    "detected_total_emission_1001.0keV": 3568295.261477,
    "nr_in_batch": 12,
    "detected_DUcore_emission_185.7keV": 114.85375595787916,
    "detectedRadCase_DUcore_emission_185.7keV": 139.1497427951228,
    "detectedHE_DUcore_emission_185.7keV": 170.07190786070566,
    "detectedReflector_DUcore_emission_185.7keV": 1990.0621945778676,
    "detectedCore_DUcore_emission_185.7keV": 2757.5945060271565,
    "detected_DUcore_emission_1001.0keV": 10575.461903383068,
    "detectedRadCase_DUcore_emission_1001.0keV": 11615.075079939996,
    "detectedHE_DUcore_emission_1001.0keV": 13020.872873571258,
    "detectedReflector_DUcore_emission_1001.0keV": 50734.126261504265,
    "detectedCore_DUcore_emission_1001.0keV": 59555.162550890775
}