{
    "space_thickness": 6.341260239929296,
    "core_thickness": 7.3985208518821945,
    "reflector_thickness": 1,
    "HE_thickness": 10,
    "gap_thickness": 0.956856386443134,
    "radiationCase_thickness": 0.2740058331687704,
    "core_enrichment": 0.933001711709043,
    "radiationCase_enrichment": 0.0042166813894307905,
    "core_mass": 12,
    "radiationCase_mass": 24.99,
    "core_activity_185.7keV": 511940728,
    "detected_core_emission_185.7keV": 49658.250616,
    "background_activity_185.7keV": 7847344,
    "detected_background_emission_185.7keV": 2455457.479632,
    "detected_total_emission_185.7keV": 2505115.730248,
    "core_activity_1001.0keV": 84189,
    "detected_core_emission_1001.0keV": 666.187557,
    "background_activity_1001.0keV": 4243964,
    "detected_background_emission_1001.0keV": 1819862.690768,
    "detected_total_emission_1001.0keV": 1820528.878325,
    "nr_in_batch": 13,
    "detected_DUcore_emission_185.7keV": 224.42940750396411,
    "detectedRadCase_DUcore_emission_185.7keV": 282.2720383039549,
    "detectedHE_DUcore_emission_185.7keV": 312.35020631995,
    "detectedReflector_DUcore_emission_185.7keV": 3732.0065392154033,
    "detectedCore_DUcore_emission_185.7keV": 5215.091592927166,
    "detected_DUcore_emission_1001.0keV": 9901.437115739835,
    "detectedRadCase_DUcore_emission_1001.0keV": 10874.938705029053,
    "detectedHE_DUcore_emission_1001.0keV": 11431.761593504247,
    "detectedReflector_DUcore_emission_1001.0keV": 45306.61381103347,
    "detectedCore_DUcore_emission_1001.0keV": 53352.3917276526
}