{
    "space_thickness": 6.932749398055659,
    "core_thickness": 7.847084178038794,
    "reflector_thickness": 1,
    "HE_thickness": 10,
    "gap_thickness": 2.183317714959847,
    "radiationCase_thickness": 1.8155354196267657,
    "core_enrichment": 0.9081295314787279,
    "radiationCase_enrichment": 0.005041973616802557,
    "core_mass": 12,
    "radiationCase_mass": 209.84,
    "core_activity_185.7keV": 498293291,
    "detected_core_emission_185.7keV": 24914.66455,
    "background_activity_185.7keV": 71579896,
    "detected_background_emission_185.7keV": 15052035.270568,
    "detected_total_emission_185.7keV": 15076949.935118001,
    "core_activity_1001.0keV": 115443,
    "detected_core_emission_1001.0keV": 644.749155,
    "background_activity_1001.0keV": 32348208,
    "detected_background_emission_1001.0keV": 10761407.748192,
    "detected_total_emission_1001.0keV": 10762052.497347,
    "nr_in_batch": 4,
    "detected_DUcore_emission_185.7keV": 138.32727279372315,
    "detectedRadCase_DUcore_emission_185.7keV": 168.75927280834227,
    "detectedHE_DUcore_emission_185.7keV": 334.7520001608101,
    "detectedReflector_DUcore_emission_185.7keV": 4185.7832747380635,
    "detectedCore_DUcore_emission_185.7keV": 5870.609457365612,
    "detected_DUcore_emission_1001.0keV": 6982.6481442231625,
    "detectedRadCase_DUcore_emission_1001.0keV": 7614.024565500279,
    "detectedHE_DUcore_emission_1001.0keV": 10532.108857105804,
    "detectedReflector_DUcore_emission_1001.0keV": 42119.68367604908,
    "detectedCore_DUcore_emission_1001.0keV": 49826.22676664739
}