{
    "space_thickness": 5.305909642981989,
    "core_thickness": 6.689599313411529,
    "reflector_thickness": 1,
    "HE_thickness": 10,
    "gap_thickness": 1.0627071985097154,
    "radiationCase_thickness": 0.5133587609683729,
    "core_enrichment": 0.9699688514572139,
    "radiationCase_enrichment": 0.005324112714307736,
    "core_mass": 12,
    "radiationCase_mass": 44.53,
    "core_activity_185.7keV": 532224705,
    "detected_core_emission_185.7keV": 59076.942255,
    "background_activity_185.7keV": 16218577,
    "detected_background_emission_185.7keV": 4753989.29024,
    "detected_total_emission_185.7keV": 4813066.232495,
    "core_activity_1001.0keV": 37737,
    "detected_core_emission_1001.0keV": 331.179912,
    "background_activity_1001.0keV": 6939083,
    "detected_background_emission_1001.0keV": 2880649.282122,
    "detected_total_emission_1001.0keV": 2880980.462034,
    "nr_in_batch": 1,
    "detected_DUcore_emission_185.7keV": 324.2705150983387,
    "detectedRadCase_DUcore_emission_185.7keV": 397.3044148952618,
    "detectedHE_DUcore_emission_185.7keV": 461.5742467165542,
    "detectedReflector_DUcore_emission_185.7keV": 5366.530957077912,
    "detectedCore_DUcore_emission_185.7keV": 7402.71608341613,
    "detected_DUcore_emission_1001.0keV": 10969.085603276788,
    "detectedRadCase_DUcore_emission_1001.0keV": 12000.249644150008,
    "detectedHE_DUcore_emission_1001.0keV": 13182.651077684628,
    "detectedReflector_DUcore_emission_1001.0keV": 51236.97882123125,
    "detectedCore_DUcore_emission_1001.0keV": 60187.482696010775
}