{
    "space_thickness": 5.576107018492139,
    "core_thickness": 6.8638073887177065,
    "reflector_thickness": 1,
    "HE_thickness": 10,
    "gap_thickness": 2.753005776493769,
    "radiationCase_thickness": 0.9743320520949625,
    "core_enrichment": 0.9118357640281366,
    "radiationCase_enrichment": 0.006522589867070792,
    "core_mass": 12,
    "radiationCase_mass": 104.17,
    "core_activity_185.7keV": 500326912,
    "detected_core_emission_185.7keV": 42527.78752,
    "background_activity_185.7keV": 39936106,
    "detected_background_emission_185.7keV": 10308227.808508,
    "detected_total_emission_185.7keV": 10350755.596028,
    "core_activity_1001.0keV": 110786,
    "detected_core_emission_1001.0keV": 859.367002,
    "background_activity_1001.0keV": 13930241,
    "detected_background_emission_1001.0keV": 5333192.76685,
    "detected_total_emission_1001.0keV": 5334052.133852,
    "nr_in_batch": 5,
    "detected_DUcore_emission_185.7keV": 304.2119280943977,
    "detectedRadCase_DUcore_emission_185.7keV": 375.7912052930795,
    "detectedHE_DUcore_emission_185.7keV": 544.0025067099818,
    "detectedReflector_DUcore_emission_185.7keV": 6338.344995943275,
    "detectedCore_DUcore_emission_185.7keV": 8779.198348418324,
    "detected_DUcore_emission_1001.0keV": 9683.759814288276,
    "detectedRadCase_DUcore_emission_1001.0keV": 10611.313448685105,
    "detectedHE_DUcore_emission_1001.0keV": 12681.143766087444,
    "detectedReflector_DUcore_emission_1001.0keV": 49563.572534081875,
    "detectedCore_DUcore_emission_1001.0keV": 58153.74286824685
}