{
    "space_thickness": 6.755569806854804,
    "core_thickness": 7.709908972021236,
    "reflector_thickness": 1,
    "HE_thickness": 10,
    "gap_thickness": 2.7745171962220043,
    "radiationCase_thickness": 1.9656843722186108,
    "core_enrichment": 0.9533309374881836,
    "radiationCase_enrichment": 0.0018402814691801555,
    "core_mass": 12,
    "radiationCase_mass": 238.31,
    "core_activity_185.7keV": 523095433,
    "detected_core_emission_185.7keV": 26154.77165,
    "background_activity_185.7keV": 27783909,
    "detected_background_emission_185.7keV": 5667722.948637,
    "detected_total_emission_185.7keV": 5693877.720287,
    "core_activity_1001.0keV": 58644,
    "detected_core_emission_1001.0keV": 326.529792,
    "background_activity_1001.0keV": 34511522,
    "detected_background_emission_1001.0keV": 11280263.52331,
    "detected_total_emission_1001.0keV": 11280590.053102,
    "nr_in_batch": 20,
    "detected_DUcore_emission_185.7keV": 50.48838731646335,
    "detectedRadCase_DUcore_emission_185.7keV": 58.56652928709749,
    "detectedHE_DUcore_emission_185.7keV": 124.20143279849985,
    "detectedReflector_DUcore_emission_185.7keV": 1557.0618648397299,
    "detectedCore_DUcore_emission_185.7keV": 2178.069028832229,
    "detected_DUcore_emission_1001.0keV": 6983.79507479709,
    "detectedRadCase_DUcore_emission_1001.0keV": 7603.406203918814,
    "detectedHE_DUcore_emission_1001.0keV": 10825.634930059927,
    "detectedReflector_DUcore_emission_1001.0keV": 43169.5867249221,
    "detectedCore_DUcore_emission_1001.0keV": 51033.88182531322
}