{
    "space_thickness": 6.885865733203744,
    "core_thickness": 7.810566912303004,
    "reflector_thickness": 1,
    "HE_thickness": 10,
    "gap_thickness": 2.4664337771392777,
    "radiationCase_thickness": 0.2469792607041515,
    "core_enrichment": 0.9104815918307142,
    "radiationCase_enrichment": 0.005352988498597073,
    "core_mass": 12,
    "radiationCase_mass": 27.15,
    "core_activity_185.7keV": 499583874,
    "detected_core_emission_185.7keV": 45462.132534,
    "background_activity_185.7keV": 9673178,
    "detected_background_emission_185.7keV": 3041169.777776,
    "detected_total_emission_185.7keV": 3086631.91031,
    "core_activity_1001.0keV": 112488,
    "detected_core_emission_1001.0keV": 828.811584,
    "background_activity_1001.0keV": 4116204,
    "detected_background_emission_1001.0keV": 1763184.215808,
    "detected_total_emission_1001.0keV": 1764013.027392,
    "nr_in_batch": 43,
    "detected_DUcore_emission_185.7keV": 267.28521983293354,
    "detectedRadCase_DUcore_emission_185.7keV": 328.96642440976433,
    "detectedHE_DUcore_emission_185.7keV": 358.3384265892076,
    "detectedReflector_DUcore_emission_185.7keV": 4470.418731711262,
    "detectedCore_DUcore_emission_185.7keV": 6267.985265093188,
    "detected_DUcore_emission_1001.0keV": 9208.964959661014,
    "detectedRadCase_DUcore_emission_1001.0keV": 10153.858758453596,
    "detectedHE_DUcore_emission_1001.0keV": 10605.058045972275,
    "detectedReflector_DUcore_emission_1001.0keV": 42346.49047207857,
    "detectedCore_DUcore_emission_1001.0keV": 50079.37133600673
}