{
    "space_thickness": 6.463277979262226,
    "core_thickness": 7.488787285554118,
    "reflector_thickness": 1,
    "HE_thickness": 10,
    "gap_thickness": 4.085142529799908,
    "radiationCase_thickness": 1.7781698715078467,
    "core_enrichment": 0.9649263770674317,
    "radiationCase_enrichment": 0.004323304214702605,
    "core_mass": 12,
    "radiationCase_mass": 235.07,
    "core_activity_185.7keV": 529457884,
    "detected_core_emission_185.7keV": 28590.725736,
    "background_activity_185.7keV": 56361596,
    "detected_background_emission_185.7keV": 11990422.294636,
    "detected_total_emission_185.7keV": 12019013.020372,
    "core_activity_1001.0keV": 44073,
    "detected_core_emission_1001.0keV": 263.909124,
    "background_activity_1001.0keV": 29726297,
    "detected_background_emission_1001.0keV": 9998648.080029,
    "detected_total_emission_1001.0keV": 9998911.989153,
    "nr_in_batch": 1,
    "detected_DUcore_emission_185.7keV": 128.09931211127684,
    "detectedRadCase_DUcore_emission_185.7keV": 156.56582591378282,
    "detectedHE_DUcore_emission_185.7keV": 308.38723286048133,
    "detectedReflector_DUcore_emission_185.7keV": 3778.929707282667,
    "detectedCore_DUcore_emission_185.7keV": 5280.538310364856,
    "detected_DUcore_emission_1001.0keV": 7491.906613577218,
    "detectedRadCase_DUcore_emission_1001.0keV": 8153.7667669810835,
    "detectedHE_DUcore_emission_1001.0keV": 11249.120301047558,
    "detectedReflector_DUcore_emission_1001.0keV": 44606.12134055694,
    "detectedCore_DUcore_emission_1001.0keV": 52605.996238221065
}