{
    "space_thickness": 6.3271486207151195,
    "core_thickness": 7.388162765247715,
    "reflector_thickness": 1,
    "HE_thickness": 10,
    "gap_thickness": 3.857033827734364,
    "radiationCase_thickness": 1.091206167606557,
    "core_enrichment": 0.9526318318382434,
    "radiationCase_enrichment": 0.002637569635499942,
    "core_mass": 12,
    "radiationCase_mass": 136.07,
    "core_activity_185.7keV": 522711832,
    "detected_core_emission_185.7keV": 37635.251904,
    "background_activity_185.7keV": 20159309,
    "detected_background_emission_185.7keV": 5023256.298002,
    "detected_total_emission_185.7keV": 5060891.549906,
    "core_activity_1001.0keV": 59522,
    "detected_core_emission_1001.0keV": 407.963788,
    "background_activity_1001.0keV": 17457405,
    "detected_background_emission_1001.0keV": 6498815.787135,
    "detected_total_emission_1001.0keV": 6499223.750923,
    "nr_in_batch": 44,
    "detected_DUcore_emission_185.7keV": 104.20142840565002,
    "detectedRadCase_DUcore_emission_185.7keV": 127.35730138468334,
    "detectedHE_DUcore_emission_185.7keV": 196.82492032178337,
    "detectedReflector_DUcore_emission_185.7keV": 2340.190412943556,
    "detectedCore_DUcore_emission_185.7keV": 3264.9780900437004,
    "detected_DUcore_emission_1001.0keV": 8589.924091802653,
    "detectedRadCase_DUcore_emission_1001.0keV": 9351.913272983864,
    "detectedHE_DUcore_emission_1001.0keV": 11469.94241146453,
    "detectedReflector_DUcore_emission_1001.0keV": 45466.18999159858,
    "detectedCore_DUcore_emission_1001.0keV": 53520.96707622298
}