{
    "Ac-227": 9262.896510070479,
    "At-218": 7.560987626493192e-06,
    "At-219": 0.00766963465747692,
    "Bi-210": 0.005191850290150796,
    "Bi-211": 9164.314433552956,
    "Bi-214": 0.03780382897967318,
    "Bi-215": 0.007439531585405453,
    "Fr-223": 127.82727390076495,
    "Hg-206": 9.902149919763433e-11,
    "Pa-231": 35587.27495579621,
    "Pa-234": 4109762.3625372252,
    "Pa-234m": 2568601476.5853257,
    "Pb-206": -0.0,
    "Pb-207": 0.0,
    "Pb-210": 0.005211823642432188,
    "Pb-211": 9164.319332360617,
    "Pb-214": 0.03779793991198682,
    "Po-210": 0.004679409244100384,
    "Po-211": 25.293507782206188,
    "Po-214": 0.0377959456323501,
    "Po-215": 9164.401970775896,
    "Po-218": 0.03780564285261126,
    "Ra-223": 9164.394682430533,
    "Ra-226": 0.03789132968309482,
    "Rn-218": 7.561062558467462e-09,
    "Rn-219": 9164.39453132067,
    "Rn-222": 0.03780517106893011,
    "Th-227": 9074.245140387135,
    "Th-230": 13.20994505713529,
    "Th-231": 84132975.20084769,
    "Th-234": 2568601476.585325,
    "Tl-206": 6.952092447707709e-09,
    "Tl-207": 9139.010036605052,
    "Tl-210": 7.938772929770957e-06,
    "U-234": 144349.8460149722,
    "U-235": 84132975.20049976,
    "U-238": 2568601476.5473914
}