{
    "Ac-227": 0.0,
    "At-218": 4.449382700763833e-12,
    "At-219": 0.0,
    "Bi-210": 3.055226381406834e-09,
    "Bi-211": 0.0,
    "Bi-214": 2.2246260805323615e-08,
    "Bi-215": 0.0,
    "Fr-223": 0.0,
    "Hg-206": 5.827076663766456e-17,
    "Pa-231": 0.0,
    "Pa-234": 2.41845463363157,
    "Pa-234m": 1511.5341460194727,
    "Pb-206": -0.0,
    "Pb-207": 0.0,
    "Pb-210": 3.0669800163163387e-09,
    "Pb-211": 0.0,
    "Pb-214": 2.2242795290343072e-08,
    "Po-210": 2.7536723466576034e-09,
    "Po-211": 0.0,
    "Po-214": 2.2241621724963194e-08,
    "Po-215": 0.0,
    "Po-218": 2.224732820752962e-08,
    "Ra-223": 0.0,
    "Ra-226": 2.2297751977554175e-08,
    "Rn-218": 4.449426795668695e-15,
    "Rn-219": 0.0,
    "Rn-222": 2.2247050578963997e-08,
    "Th-227": 0.0,
    "Th-230": 7.773601005417725e-06,
    "Th-231": 0.0,
    "Th-234": 1511.5341460194718,
    "Tl-206": 4.091068706759433e-15,
    "Tl-207": 0.0,
    "Tl-210": 4.671696434900509e-12,
    "U-234": 0.08494494891996351,
    "U-235": 0.0,
    "U-238": 1511.5341459971494
}