{
    "Ac-227": 0.0,
    "At-218": 7.85813139064038e-06,
    "At-219": 0.0,
    "Bi-210": 0.005395887912524159,
    "Bi-211": 0.0,
    "Bi-214": 0.039289504211151724,
    "Bi-215": 0.0,
    "Fr-223": 0.0,
    "Hg-206": 1.0291300417774891e-10,
    "Pa-231": 0.0,
    "Pa-234": 4271274.36579402,
    "Pa-234m": 2669546478.6208053,
    "Pb-206": -0.0,
    "Pb-207": 0.0,
    "Pb-210": 0.005416646209494354,
    "Pb-211": 0.0,
    "Pb-214": 0.039283383705480526,
    "Po-210": 0.00486330814004687,
    "Po-211": 0.0,
    "Po-214": 0.039281311051458434,
    "Po-215": 0.0,
    "Po-218": 0.03929138936856468,
    "Ra-223": 0.0,
    "Ra-226": 0.03938044365692616,
    "Rn-218": 7.858209267411017e-09,
    "Rn-219": 0.0,
    "Rn-222": 0.03929089904397514,
    "Th-227": 0.0,
    "Th-230": 13.729090569912072,
    "Th-231": 0.0,
    "Th-234": 2669546478.620804,
    "Tl-206": 7.22530687691439e-09,
    "Tl-207": 0.0,
    "Tl-210": 8.250763503964772e-06,
    "U-234": 150022.7367427209,
    "U-235": 0.0,
    "U-238": 2669546478.58138
}