{
    "Ac-227": 0.0,
    "At-218": 9.917982583479225e-06,
    "At-219": 0.0,
    "Bi-210": 0.00681031146953875,
    "Bi-211": 0.0,
    "Bi-214": 0.049588458007188016,
    "Bi-215": 0.0,
    "Fr-223": 0.0,
    "Hg-206": 1.2988957963519869e-10,
    "Pa-231": 0.0,
    "Pa-234": 5390903.086662964,
    "Pa-234m": 3369314429.163776,
    "Pb-206": -0.0,
    "Pb-207": 0.0,
    "Pb-210": 0.00683651113681058,
    "Pb-211": 0.0,
    "Pb-214": 0.04958073313397944,
    "Po-210": 0.006138126614748148,
    "Po-211": 0.0,
    "Po-214": 0.04957811717536653,
    "Po-215": 0.0,
    "Po-218": 0.049590837320724446,
    "Ra-223": 0.0,
    "Ra-226": 0.04970323540075723,
    "Rn-218": 9.918080874079934e-09,
    "Rn-219": 0.0,
    "Rn-222": 0.04959021846739946,
    "Th-227": 0.0,
    "Th-230": 17.32789570324305,
    "Th-231": 0.0,
    "Th-234": 3369314429.1637745,
    "Tl-206": 9.119275843476293e-09,
    "Tl-207": 0.0,
    "Tl-210": 1.0413535313267397e-05,
    "U-234": 189348.18166980785,
    "U-235": 0.0,
    "U-238": 3369314429.1140156
}