{
    "Ac-227": 99567.17295440898,
    "At-218": 2.5152009960542392e-08,
    "At-219": 0.08244114998023697,
    "Bi-210": 1.727095409519717e-05,
    "Bi-211": 98507.51103848954,
    "Bi-214": 0.00012575636014952512,
    "Bi-215": 0.07996776464667825,
    "Fr-223": 1374.0194846105687,
    "Hg-206": 3.294000542204143e-13,
    "Pa-231": 382528.76480349543,
    "Pa-234": 13671.333559097655,
    "Pa-234m": 8544583.474434571,
    "Pb-206": -0.0,
    "Pb-207": 0.0,
    "Pb-210": 1.7337396467588672e-05,
    "Pb-211": 98507.56369593089,
    "Pb-214": 0.0001257367698662946,
    "Po-210": 1.55662928880701e-05,
    "Po-211": 271.8807298814841,
    "Po-214": 0.0001257301357936357,
    "Po-215": 98508.4519789186,
    "Po-218": 0.0001257623940901238,
    "Ra-223": 98508.37363625952,
    "Ra-226": 0.0001260474356905436,
    "Rn-218": 2.5152259225566525e-11,
    "Rn-219": 98508.37201197473,
    "Rn-222": 0.00012576082467770922,
    "Th-227": 97539.35330502324,
    "Th-230": 0.04394355421123551,
    "Th-231": 904348060.445735,
    "Th-234": 8544583.47443457,
    "Tl-206": 2.3126489174332373e-11,
    "Tl-207": 98235.5132606152,
    "Tl-210": 2.6408731989513093e-08,
    "U-234": 480.18710572275666,
    "U-235": 904348060.4419951,
    "U-238": 8544583.47430838
}