{
    "Ac-227": 320.4831639307746,
    "At-218": 4.379676875332669e-07,
    "At-219": 0.000265358549407201,
    "Bi-210": 0.00030073619716408515,
    "Bi-211": 317.0723630268832,
    "Bi-214": 0.0021897741903605895,
    "Bi-215": 0.0002573973074255507,
    "Fr-223": 4.422643514566394,
    "Hg-206": 5.735787328589963e-12,
    "Pa-231": 1231.2695560301804,
    "Pa-234": 238056.61471059735,
    "Pa-234m": 148785384.1940979,
    "Pb-206": -0.0,
    "Pb-207": 0.0,
    "Pb-210": 0.0003018931469361384,
    "Pb-211": 317.0725325187238,
    "Pb-214": 0.002189433068078193,
    "Po-210": 0.00027105322041255203,
    "Po-211": 0.8751197200720352,
    "Po-214": 0.0021893175500951015,
    "Po-215": 317.0753916914202,
    "Po-218": 0.0021898792583458066,
    "Ra-223": 317.075139524943,
    "Ra-226": 0.002194842639434733,
    "Rn-218": 4.379720279428951e-10,
    "Rn-219": 317.07513429675464,
    "Rn-222": 0.0021898519304333623,
    "Th-227": 313.9560924288679,
    "Th-230": 0.7651816634169519,
    "Th-231": 2910882.3631963376,
    "Th-234": 148785384.19409782,
    "Tl-206": 4.0269763729956234e-10,
    "Tl-207": 316.1968665570254,
    "Tl-210": 4.5985077527710395e-07,
    "U-234": 8361.416706124464,
    "U-235": 2910882.3631843,
    "U-238": 148785384.19190055
}