{
    "Ac-227": 99277.22541079106,
    "At-218": 2.635804405530043e-08,
    "At-219": 0.08220107478054488,
    "Bi-210": 1.8099093059855866e-05,
    "Bi-211": 98220.64931483084,
    "Bi-214": 0.00013178635370514664,
    "Bi-215": 0.07973489214221799,
    "Fr-223": 1370.01823035553,
    "Hg-206": 3.4519472418230543e-13,
    "Pa-231": 381414.8105510355,
    "Pa-234": 14326.87140354617,
    "Pa-234m": 8954294.627214823,
    "Pb-206": -0.0,
    "Pb-207": 0.0,
    "Pb-210": 1.8168721331369008e-05,
    "Pb-211": 98220.70181892952,
    "Pb-214": 0.00013176582407156042,
    "Po-210": 1.6312693672001617e-05,
    "Po-211": 271.0889915258889,
    "Po-214": 0.0001317588718963791,
    "Po-215": 98221.58751516636,
    "Po-218": 0.0001317926769720496,
    "Ra-223": 98221.50940064737,
    "Ra-226": 0.00013209138626300664,
    "Rn-218": 2.635830527253507e-11,
    "Rn-219": 98221.5077810926,
    "Rn-222": 0.00013179103230660818,
    "Th-227": 97255.31093385114,
    "Th-230": 0.046050639279456254,
    "Th-231": 901714526.8128985,
    "Th-234": 8954294.62721482,
    "Tl-206": 2.4235399932560145e-11,
    "Tl-207": 97949.44361616518,
    "Tl-210": 2.7675025666584823e-08,
    "U-234": 503.2119861308566,
    "U-235": 901714526.8091695,
    "U-238": 8954294.627082583
}