{
    "Ac-227": 96430.12213823643,
    "At-218": 3.820054347830804e-08,
    "At-219": 0.07984368668829307,
    "Bi-210": 2.623089899616176e-05,
    "Bi-211": 95403.84686150301,
    "Bi-214": 0.00019099711359457907,
    "Bi-215": 0.07744823000580596,
    "Fr-223": 1330.7284197170395,
    "Hg-206": 5.002884903729027e-13,
    "Pa-231": 370476.4775060971,
    "Pa-234": 20763.8424463911,
    "Pa-234m": 12977401.528992217,
    "Pb-206": -0.0,
    "Pb-207": 0.0,
    "Pb-210": 2.633181080159302e-05,
    "Pb-211": 95403.89785987277,
    "Pb-214": 0.0001909673601288531,
    "Po-210": 2.364188186946694e-05,
    "Po-211": 263.3146167714248,
    "Po-214": 0.00019095728438614143,
    "Po-215": 95404.75815583635,
    "Po-218": 0.00019100627786457368,
    "Ra-223": 95404.68228150991,
    "Ra-226": 0.0001914391953159839,
    "Rn-218": 3.820092205876372e-11,
    "Rn-219": 95404.68070840127,
    "Rn-222": 0.00019100389426154267,
    "Th-227": 94466.19275606827,
    "Th-230": 0.06674089489751017,
    "Th-231": 875854876.0261633,
    "Th-234": 12977401.528992211,
    "Tl-206": 3.5124209023080915e-11,
    "Tl-207": 95140.41888455563,
    "Tl-210": 4.0109236444920064e-08,
    "U-234": 729.3018903324853,
    "U-235": 875854876.0225413,
    "U-238": 12977401.528800558
}