{
    "core_emission": true,
    "photon_energy": 1001.0,
    "Core": {
        "inner": 5.97239736826936,
        "outer": 13.10603108815005
    },
    "Reflector": {
        "inner": 13.10603108815005,
        "outer": 14.10603108815005
    },
    "HE": {
        "inner": 14.10603108815005,
        "outer": 24.10603108815005
    },
    "RadiationCase": {
        "inner": 24.10603108815005,
        "outer": 25.9100914996065
    },
    "Casing": {
        "inner": 25.9100914996065,
        "outer": 26.4100914996065
    }
}