{
    "core_emission": false,
    "photon_energy": 1001.0,
    "Core": {
        "inner": 5.729560045970641,
        "outer": 12.695916546147973
    },
    "Reflector": {
        "inner": 12.695916546147973,
        "outer": 13.695916546147973
    },
    "HE": {
        "inner": 13.695916546147973,
        "outer": 23.695916546147973
    },
    "RadiationCase": {
        "inner": 23.695916546147973,
        "outer": 25.145735622378407
    },
    "Casing": {
        "inner": 25.145735622378407,
        "outer": 25.645735622378407
    }
}