{
    "core_emission": true,
    "photon_energy": 1001.0,
    "Core": {
        "inner": 5.908537973404415,
        "outer": 12.997609722288
    },
    "Reflector": {
        "inner": 12.997609722288,
        "outer": 13.997609722288
    },
    "HE": {
        "inner": 13.997609722288,
        "outer": 23.997609722288
    },
    "RadiationCase": {
        "inner": 23.997609722288,
        "outer": 25.45967997629098
    },
    "Casing": {
        "inner": 25.45967997629098,
        "outer": 25.95967997629098
    }
}