{
    "core_emission": true,
    "photon_energy": 1001.0,
    "Core": {
        "inner": 5,
        "outer": 11.502870145526192
    },
    "Reflector": {
        "inner": 11.502870145526192,
        "outer": 12.502870145526192
    },
    "HE": {
        "inner": 12.502870145526192,
        "outer": 22.50287014552619
    },
    "RadiationCase": {
        "inner": 22.50287014552619,
        "outer": 22.502871145526193
    },
    "Casing": {
        "inner": 22.502871145526193,
        "outer": 23.002871145526193
    }
}