{
    "8b255738-33fd-4c23-b87d-ed0de277f2a5": {
        "space_thickness": 5,
        "core_thickness": 6.502870145526192,
        "reflector_thickness": 1,
        "HE_thickness": 10,
        "gap_thickness": 0,
        "radiationCase_thickness": 1e-06,
        "core_enrichment": 0.98,
        "radiationCase_enrichment": 0.0,
        "core_mass": 12,
        "radiationCase_mass": 0.0,
        "core_activity_185.7keV": 537728824.6256894,
        "detected_core_emission_185.7keV": 77432.95074609928,
        "core_activity_1001.0keV": 25131.720253716274,
        "detected_core_emission_1001.0keV": 253.30260843720632
    },
    "2ee33f7e-1e4d-475e-9506-e31bdccf8648": {
        "space_thickness": 5,
        "core_thickness": 6.502870145526192,
        "reflector_thickness": 1,
        "HE_thickness": 10,
        "gap_thickness": 0,
        "radiationCase_thickness": 1e-06,
        "core_enrichment": 0.95,
        "radiationCase_enrichment": 0.0,
        "core_mass": 12,
        "radiationCase_mass": 0.0,
        "core_activity_185.7keV": 521267738.1575559,
        "detected_core_emission_185.7keV": 75062.55429468805,
        "core_activity_1001.0keV": 62829.30063429069,
        "detected_core_emission_1001.0keV": 633.2565210930157
    },
    "504e58b1-3a0c-4b2f-a0d1-54722f075bf8": {
        "space_thickness": 5,
        "core_thickness": 6.502870145526192,
        "reflector_thickness": 1,
        "HE_thickness": 10,
        "gap_thickness": 0,
        "radiationCase_thickness": 1e-06,
        "core_enrichment": 0.96,
        "radiationCase_enrichment": 0.0,
        "core_mass": 12,
        "radiationCase_mass": 0.0,
        "core_activity_185.7keV": 526754766.9802671,
        "detected_core_emission_185.7keV": 75852.68644515847,
        "core_activity_1001.0keV": 50263.44050743255,
        "detected_core_emission_1001.0keV": 506.60521687441263
    },
    "e88af34e-b08e-4936-9a6f-27b67e1cbdd8": {
        "space_thickness": 5,
        "core_thickness": 6.502870145526192,
        "reflector_thickness": 1,
        "HE_thickness": 10,
        "gap_thickness": 0,
        "radiationCase_thickness": 1e-06,
        "core_enrichment": 0.97,
        "radiationCase_enrichment": 0.0,
        "core_mass": 12,
        "radiationCase_mass": 0.0,
        "core_activity_185.7keV": 532241795.8029783,
        "detected_core_emission_185.7keV": 76642.81859562888,
        "core_activity_1001.0keV": 37697.58038057441,
        "detected_core_emission_1001.0keV": 379.95391265580946
    },
    "f09b3ddc-22c5-4ed6-bb14-b3863f85b7d2": {
        "space_thickness": 5,
        "core_thickness": 6.502870145526192,
        "reflector_thickness": 1,
        "HE_thickness": 10,
        "gap_thickness": 0,
        "radiationCase_thickness": 1e-06,
        "core_enrichment": 0.99,
        "radiationCase_enrichment": 0.0,
        "core_mass": 12,
        "radiationCase_mass": 0.0,
        "core_activity_185.7keV": 543215853.4484004,
        "detected_core_emission_185.7keV": 78223.08289656966,
        "core_activity_1001.0keV": 12565.860126858137,
        "detected_core_emission_1001.0keV": 126.65130421860316
    },
    "1eaac6b5-a8a4-4ab2-9e6b-81c68b71c99b": {
        "space_thickness": 5,
        "core_thickness": 6.502870145526192,
        "reflector_thickness": 1,
        "HE_thickness": 10,
        "gap_thickness": 0,
        "radiationCase_thickness": 1e-06,
        "core_enrichment": 1.0,
        "radiationCase_enrichment": 0.0,
        "core_mass": 12,
        "radiationCase_mass": 0.0,
        "core_activity_185.7keV": 548702882.2711116,
        "detected_core_emission_185.7keV": 79013.21504704007,
        "core_activity_1001.0keV": 0.0,
        "detected_core_emission_1001.0keV": 0.0
    },
    "f05f073a-aa0b-48e3-b0fd-c90e9d59f679": {
        "space_thickness": 5,
        "core_thickness": 6.502870145526192,
        "reflector_thickness": 1,
        "HE_thickness": 10,
        "gap_thickness": 0,
        "radiationCase_thickness": 1e-06,
        "core_enrichment": 0.9,
        "radiationCase_enrichment": 0.0,
        "core_mass": 12,
        "radiationCase_mass": 0.0,
        "core_activity_185.7keV": 493832594.04400045,
        "detected_core_emission_185.7keV": 71111.89354233605,
        "core_activity_1001.0keV": 125658.60126858123,
        "detected_core_emission_1001.0keV": 1266.5130421860301
    },
    "e9b19e0e-09d0-4ef4-b407-ec131984d7b3": {
        "space_thickness": 5,
        "core_thickness": 6.502870145526192,
        "reflector_thickness": 1,
        "HE_thickness": 10,
        "gap_thickness": 0,
        "radiationCase_thickness": 1e-06,
        "core_enrichment": 0.91,
        "radiationCase_enrichment": 0.0,
        "core_mass": 12,
        "radiationCase_mass": 0.0,
        "core_activity_185.7keV": 499319622.86671144,
        "detected_core_emission_185.7keV": 71902.02569280645,
        "core_activity_1001.0keV": 113092.74114172306,
        "detected_core_emission_1001.0keV": 1139.8617379674267
    },
    "aec807de-bd6e-4a61-8087-e61ab503af34": {
        "space_thickness": 5,
        "core_thickness": 6.502870145526192,
        "reflector_thickness": 1,
        "HE_thickness": 10,
        "gap_thickness": 0,
        "radiationCase_thickness": 1e-06,
        "core_enrichment": 0.92,
        "radiationCase_enrichment": 0.0,
        "core_mass": 12,
        "radiationCase_mass": 0.0,
        "core_activity_185.7keV": 504806651.6894227,
        "detected_core_emission_185.7keV": 72692.15784327687,
        "core_activity_1001.0keV": 100526.88101486496,
        "detected_core_emission_1001.0keV": 1013.210433748824
    },
    "2ada0812-0679-4f91-9602-174f0c220768": {
        "space_thickness": 5,
        "core_thickness": 6.502870145526192,
        "reflector_thickness": 1,
        "HE_thickness": 10,
        "gap_thickness": 0,
        "radiationCase_thickness": 1e-06,
        "core_enrichment": 0.93,
        "radiationCase_enrichment": 0.0,
        "core_mass": 12,
        "radiationCase_mass": 0.0,
        "core_activity_185.7keV": 510293680.5121337,
        "detected_core_emission_185.7keV": 73482.28999374725,
        "core_activity_1001.0keV": 87961.02088800681,
        "detected_core_emission_1001.0keV": 886.5591295302206
    },
    "774970f3-e8a4-4782-95a1-3f1d8bd552b2": {
        "space_thickness": 5,
        "core_thickness": 6.502870145526192,
        "reflector_thickness": 1,
        "HE_thickness": 10,
        "gap_thickness": 0,
        "radiationCase_thickness": 1e-06,
        "core_enrichment": 0.94,
        "radiationCase_enrichment": 0.0,
        "core_mass": 12,
        "radiationCase_mass": 0.0,
        "core_activity_185.7keV": 515780709.33484495,
        "detected_core_emission_185.7keV": 74272.42214421766,
        "core_activity_1001.0keV": 75395.16076114881,
        "detected_core_emission_1001.0keV": 759.9078253116189
    }
}