{
    "space_thickness": 5.908537973404415,
    "core_thickness": 7.089071748883585,
    "reflector_thickness": 1,
    "HE_thickness": 10,
    "gap_thickness": 1.2790918966776654,
    "radiationCase_thickness": 1.462070254002978,
    "core_enrichment": 0.9130423864574438,
    "radiationCase_enrichment": 0.006407502010386765,
    "core_mass": 12,
    "radiationCase_mass": 141.83,
    "core_activity_185.7keV": 500988989.0848936,
    "detected_core_emission_185.7keV": 33566.26226868787,
    "background_activity_185.7keV": 62890254,
    "detected_background_emission_185.7keV": 14400736.141428,
    "detected_total_emission_185.7keV": 14434302.403691,
    "core_activity_1001.0keV": 109270,
    "detected_core_emission_1001.0keV": 743.14527,
    "background_activity_1001.0keV": 22333556,
    "detected_background_emission_1001.0keV": 7908535.51516,
    "detected_total_emission_1001.0keV": 7909278.66043,
    "nr_in_batch": 1,
    "detectedRadCase_core_emission_185.7keV": 41081.09710496127,
    "detectedHE_core_emission_185.7keV": 73144.39240639447,
    "detectedReflector_core_emission_185.7keV": 851180.2924552342,
    "detectedCore_core_emission_185.7keV": 1186341.9261530282
}